insert into BQTY (BID, PID, QTY) values (1, 1, 10);
insert into BQTY (BID, PID, QTY) values (2, 2, 5);
insert into BQTY (BID, PID, QTY) values (3, 3, 2);
insert into BQTY (BID, PID, QTY) values (4, 4, 3);
insert into BQTY (BID, PID, QTY) values (5, 5, 3);
insert into BQTY (BID, PID, QTY) values (6, 6, 2);
insert into BQTY (BID, PID, QTY) values (7, 7, 3);
insert into BQTY (BID, PID, QTY) values (8, 8, 3);
insert into BQTY (BID, PID, QTY) values (9, 9, 5);
insert into BQTY (BID, PID, QTY) values (10, 10, 10);
insert into BQTY (BID, PID, QTY) values (11, 11, 7);
insert into BQTY (BID, PID, QTY) values (12, 12, 5);
insert into BQTY (BID, PID, QTY) values (13, 13, 1);
insert into BQTY (BID, PID, QTY) values (14, 14, 7);
insert into BQTY (BID, PID, QTY) values (15, 15, 10);
insert into BQTY (BID, PID, QTY) values (16, 16, 5);
insert into BQTY (BID, PID, QTY) values (17, 17, 3);
insert into BQTY (BID, PID, QTY) values (18, 18, 4);
insert into BQTY (BID, PID, QTY) values (19, 19, 9);
insert into BQTY (BID, PID, QTY) values (20, 20, 7);
insert into BQTY (BID, PID, QTY) values (21, 21, 3);
insert into BQTY (BID, PID, QTY) values (22, 22, 2);
insert into BQTY (BID, PID, QTY) values (23, 23, 1);
insert into BQTY (BID, PID, QTY) values (24, 24, 5);
insert into BQTY (BID, PID, QTY) values (25, 25, 6);
insert into BQTY (BID, PID, QTY) values (26, 26, 8);
insert into BQTY (BID, PID, QTY) values (27, 27, 9);
insert into BQTY (BID, PID, QTY) values (28, 28, 6);
insert into BQTY (BID, PID, QTY) values (29, 29, 4);
insert into BQTY (BID, PID, QTY) values (30, 30, 1);
insert into BQTY (BID, PID, QTY) values (31, 31, 4);
insert into BQTY (BID, PID, QTY) values (32, 32, 3);
insert into BQTY (BID, PID, QTY) values (33, 33, 1);
insert into BQTY (BID, PID, QTY) values (34, 34, 3);
insert into BQTY (BID, PID, QTY) values (35, 35, 3);
insert into BQTY (BID, PID, QTY) values (36, 36, 7);
insert into BQTY (BID, PID, QTY) values (37, 37, 1);
insert into BQTY (BID, PID, QTY) values (38, 38, 8);
insert into BQTY (BID, PID, QTY) values (39, 39, 7);
insert into BQTY (BID, PID, QTY) values (40, 40, 6);
insert into BQTY (BID, PID, QTY) values (41, 41, 2);
insert into BQTY (BID, PID, QTY) values (42, 42, 6);
insert into BQTY (BID, PID, QTY) values (43, 43, 5);
insert into BQTY (BID, PID, QTY) values (44, 44, 5);
insert into BQTY (BID, PID, QTY) values (45, 45, 2);
insert into BQTY (BID, PID, QTY) values (46, 46, 1);
insert into BQTY (BID, PID, QTY) values (47, 47, 2);
insert into BQTY (BID, PID, QTY) values (48, 48, 2);
insert into BQTY (BID, PID, QTY) values (49, 49, 4);
insert into BQTY (BID, PID, QTY) values (50, 50, 2);
insert into BQTY (BID, PID, QTY) values (51, 51, 10);
insert into BQTY (BID, PID, QTY) values (52, 52, 4);
insert into BQTY (BID, PID, QTY) values (53, 53, 1);
insert into BQTY (BID, PID, QTY) values (54, 54, 3);
insert into BQTY (BID, PID, QTY) values (55, 55, 1);
insert into BQTY (BID, PID, QTY) values (56, 56, 8);
insert into BQTY (BID, PID, QTY) values (57, 57, 1);
insert into BQTY (BID, PID, QTY) values (58, 58, 8);
insert into BQTY (BID, PID, QTY) values (59, 59, 6);
insert into BQTY (BID, PID, QTY) values (60, 60, 1);
insert into BQTY (BID, PID, QTY) values (61, 61, 3);
insert into BQTY (BID, PID, QTY) values (62, 62, 10);
insert into BQTY (BID, PID, QTY) values (63, 63, 5);
insert into BQTY (BID, PID, QTY) values (64, 64, 2);
insert into BQTY (BID, PID, QTY) values (65, 65, 10);
insert into BQTY (BID, PID, QTY) values (66, 66, 4);
insert into BQTY (BID, PID, QTY) values (67, 67, 9);
insert into BQTY (BID, PID, QTY) values (68, 68, 7);
insert into BQTY (BID, PID, QTY) values (69, 69, 9);
insert into BQTY (BID, PID, QTY) values (70, 70, 10);
insert into BQTY (BID, PID, QTY) values (71, 71, 6);
insert into BQTY (BID, PID, QTY) values (72, 72, 10);
insert into BQTY (BID, PID, QTY) values (73, 73, 7);
insert into BQTY (BID, PID, QTY) values (74, 74, 5);
insert into BQTY (BID, PID, QTY) values (75, 75, 1);
insert into BQTY (BID, PID, QTY) values (76, 76, 7);
insert into BQTY (BID, PID, QTY) values (77, 77, 8);
insert into BQTY (BID, PID, QTY) values (78, 78, 2);
insert into BQTY (BID, PID, QTY) values (79, 79, 3);
insert into BQTY (BID, PID, QTY) values (80, 80, 2);
insert into BQTY (BID, PID, QTY) values (81, 81, 2);
insert into BQTY (BID, PID, QTY) values (82, 82, 2);
insert into BQTY (BID, PID, QTY) values (83, 83, 9);
insert into BQTY (BID, PID, QTY) values (84, 84, 10);
insert into BQTY (BID, PID, QTY) values (85, 85, 10);
insert into BQTY (BID, PID, QTY) values (86, 86, 1);
insert into BQTY (BID, PID, QTY) values (87, 87, 4);
insert into BQTY (BID, PID, QTY) values (88, 88, 4);
insert into BQTY (BID, PID, QTY) values (89, 89, 7);
insert into BQTY (BID, PID, QTY) values (90, 90, 1);
insert into BQTY (BID, PID, QTY) values (91, 91, 6);
insert into BQTY (BID, PID, QTY) values (92, 92, 1);
insert into BQTY (BID, PID, QTY) values (93, 93, 4);
insert into BQTY (BID, PID, QTY) values (94, 94, 7);
insert into BQTY (BID, PID, QTY) values (95, 95, 2);
insert into BQTY (BID, PID, QTY) values (96, 96, 7);
insert into BQTY (BID, PID, QTY) values (97, 97, 2);
insert into BQTY (BID, PID, QTY) values (98, 98, 8);
insert into BQTY (BID, PID, QTY) values (99, 99, 6);
insert into BQTY (BID, PID, QTY) values (100, 100, 7);

insert into Branches (BID, BNAME, BADD, BMAN) values (1, 'Magisterial', '5630 David Alley', 88);
insert into Branches (BID, BNAME, BADD, BMAN) values (2, 'Witbank', '840 Vahlen Park', 37);
insert into Branches (BID, BNAME, BADD, BMAN) values (3, 'Butwāl', '323 Jenna Terrace', 68);
insert into Branches (BID, BNAME, BADD, BMAN) values (4, 'Gharavŭtí', '134 Crownhardt Parkway', 61);
insert into Branches (BID, BNAME, BADD, BMAN) values (5, 'Waru Selatan', '1037 Golf Avenue', 22);
insert into Branches (BID, BNAME, BADD, BMAN) values (6, 'Ala', '328 Spohn Place', 5);
insert into Branches (BID, BNAME, BADD, BMAN) values (7, 'Cisaat', '95909 Parkside Alley', 87);
insert into Branches (BID, BNAME, BADD, BMAN) values (8, 'Baimajing', '11 Jenifer Alley', 8);
insert into Branches (BID, BNAME, BADD, BMAN) values (9, 'Kostyantynivka', '6067 Londonderry Court', 57);
insert into Branches (BID, BNAME, BADD, BMAN) values (10, 'Alençon', '7 Pepper Wood Hill', 46);
insert into Branches (BID, BNAME, BADD, BMAN) values (11, 'Singasari', '195 Memorial Terrace', 41);
insert into Branches (BID, BNAME, BADD, BMAN) values (12, 'Shiwan', '4 Sutteridge Avenue', 54);
insert into Branches (BID, BNAME, BADD, BMAN) values (13, 'Bauru', '2093 Ohio Lane', 61);
insert into Branches (BID, BNAME, BADD, BMAN) values (14, 'Tsurusaki', '36747 Knutson Way', 66);
insert into Branches (BID, BNAME, BADD, BMAN) values (15, 'Tālīn', '0815 Springs Way', 13);
insert into Branches (BID, BNAME, BADD, BMAN) values (16, 'Peabiru', '495 Dakota Crossing', 34);
insert into Branches (BID, BNAME, BADD, BMAN) values (17, 'Santander', '3647 Meadow Vale Pass', 48);
insert into Branches (BID, BNAME, BADD, BMAN) values (18, 'Tadotsu', '103 Buhler Street', 3);
insert into Branches (BID, BNAME, BADD, BMAN) values (19, 'Quthing', '5 Forest Dale Court', 6);
insert into Branches (BID, BNAME, BADD, BMAN) values (20, 'Noşratābād', '014 Dennis Pass', 17);
insert into Branches (BID, BNAME, BADD, BMAN) values (21, 'Gunungsubang', '42 Ridge Oak Place', 1);
insert into Branches (BID, BNAME, BADD, BMAN) values (22, 'Nioro du Rip', '1242 Grover Terrace', 79);
insert into Branches (BID, BNAME, BADD, BMAN) values (23, 'Linjiang', '2 Warner Circle', 75);
insert into Branches (BID, BNAME, BADD, BMAN) values (24, 'Mahdalynivka', '2948 Maywood Lane', 44);
insert into Branches (BID, BNAME, BADD, BMAN) values (25, 'Mugan', '139 Superior Plaza', 68);
insert into Branches (BID, BNAME, BADD, BMAN) values (26, 'Gantang', '719 Bashford Park', 87);
insert into Branches (BID, BNAME, BADD, BMAN) values (27, 'Las Matas de Farfán', '89 Rutledge Trail', 94);
insert into Branches (BID, BNAME, BADD, BMAN) values (28, 'El Corozo', '0 Prairieview Pass', 82);
insert into Branches (BID, BNAME, BADD, BMAN) values (29, 'Marseille', '92 Barby Trail', 32);
insert into Branches (BID, BNAME, BADD, BMAN) values (30, 'Apucarana', '02 4th Park', 96);
insert into Branches (BID, BNAME, BADD, BMAN) values (31, 'San Felipe', '0 Mariners Cove Circle', 23);
insert into Branches (BID, BNAME, BADD, BMAN) values (32, 'Al Ḩawātah', '1 Upham Place', 97);
insert into Branches (BID, BNAME, BADD, BMAN) values (33, 'Palenggihan', '888 Mcguire Point', 53);
insert into Branches (BID, BNAME, BADD, BMAN) values (34, 'Shymkent', '0691 Sugar Hill', 71);
insert into Branches (BID, BNAME, BADD, BMAN) values (35, 'Töreboda', '65 Towne Place', 99);
insert into Branches (BID, BNAME, BADD, BMAN) values (36, 'Yishui', '480 Sherman Circle', 38);
insert into Branches (BID, BNAME, BADD, BMAN) values (37, 'Charlottesville', '188 Debra Road', 83);
insert into Branches (BID, BNAME, BADD, BMAN) values (38, 'Maroua', '482 Bowman Street', 86);
insert into Branches (BID, BNAME, BADD, BMAN) values (39, 'Huating', '640 Banding Plaza', 53);
insert into Branches (BID, BNAME, BADD, BMAN) values (40, 'Phalaborwa', '0746 Gerald Plaza', 4);
insert into Branches (BID, BNAME, BADD, BMAN) values (41, 'Tambakan', '37683 Garrison Plaza', 77);
insert into Branches (BID, BNAME, BADD, BMAN) values (42, 'Manta', '3 Eastlawn Circle', 74);
insert into Branches (BID, BNAME, BADD, BMAN) values (43, 'Santo Domingo', '9471 Colorado Street', 35);
insert into Branches (BID, BNAME, BADD, BMAN) values (44, 'Rosaspata', '61 Cascade Center', 9);
insert into Branches (BID, BNAME, BADD, BMAN) values (45, 'Dukuh Kaler', '01337 Judy Lane', 19);
insert into Branches (BID, BNAME, BADD, BMAN) values (46, 'Igreja', '1454 Haas Park', 28);
insert into Branches (BID, BNAME, BADD, BMAN) values (47, 'Rattanawapi', '47907 Sunnyside Lane', 24);
insert into Branches (BID, BNAME, BADD, BMAN) values (48, 'Beringinjaya', '0408 Bartillon Hill', 76);
insert into Branches (BID, BNAME, BADD, BMAN) values (49, 'Fatuulan', '68075 Butternut Road', 60);
insert into Branches (BID, BNAME, BADD, BMAN) values (50, 'Noen Maprang', '2869 Moose Center', 8);
insert into Branches (BID, BNAME, BADD, BMAN) values (51, 'Morrison', '3573 Manley Alley', 79);
insert into Branches (BID, BNAME, BADD, BMAN) values (52, 'Cikiwul Satu', '96577 Hovde Parkway', 49);
insert into Branches (BID, BNAME, BADD, BMAN) values (53, 'Sedatiagung', '4 Nevada Road', 92);
insert into Branches (BID, BNAME, BADD, BMAN) values (54, 'Kórnik', '59 Schlimgen Alley', 59);
insert into Branches (BID, BNAME, BADD, BMAN) values (55, 'Langkapcaang Hilir', '9121 Ludington Hill', 36);
insert into Branches (BID, BNAME, BADD, BMAN) values (56, 'Vladikavkaz', '8547 Gerald Place', 63);
insert into Branches (BID, BNAME, BADD, BMAN) values (57, 'Liloan', '12936 Maryland Center', 98);
insert into Branches (BID, BNAME, BADD, BMAN) values (58, 'Yangzi', '6061 Birchwood Junction', 66);
insert into Branches (BID, BNAME, BADD, BMAN) values (59, 'Hazlov', '3 Burrows Terrace', 55);
insert into Branches (BID, BNAME, BADD, BMAN) values (60, 'Zwolle', '6 Blue Bill Park Hill', 97);
insert into Branches (BID, BNAME, BADD, BMAN) values (61, 'Matanzas', '49 Bluejay Circle', 65);
insert into Branches (BID, BNAME, BADD, BMAN) values (62, 'Iúna', '99 Ridgeway Parkway', 92);
insert into Branches (BID, BNAME, BADD, BMAN) values (63, 'Nartkala', '66793 Dawn Pass', 98);
insert into Branches (BID, BNAME, BADD, BMAN) values (64, 'Xinhua', '274 Huxley Parkway', 12);
insert into Branches (BID, BNAME, BADD, BMAN) values (65, 'Naranjito', '899 Michigan Terrace', 13);
insert into Branches (BID, BNAME, BADD, BMAN) values (66, 'Aleksandrovka', '07975 Express Center', 69);
insert into Branches (BID, BNAME, BADD, BMAN) values (67, 'Zdenci', '56805 Marcy Road', 28);
insert into Branches (BID, BNAME, BADD, BMAN) values (68, 'Bantian', '117 Veith Lane', 96);
insert into Branches (BID, BNAME, BADD, BMAN) values (69, 'Malax', '77956 Cottonwood Point', 11);
insert into Branches (BID, BNAME, BADD, BMAN) values (70, 'Hats’avan', '45559 Bobwhite Circle', 39);
insert into Branches (BID, BNAME, BADD, BMAN) values (71, 'Selmes', '22 Mallory Avenue', 73);
insert into Branches (BID, BNAME, BADD, BMAN) values (72, 'Żoliborz', '450 Meadow Vale Avenue', 66);
insert into Branches (BID, BNAME, BADD, BMAN) values (73, 'Kansas City', '4 Buena Vista Crossing', 47);
insert into Branches (BID, BNAME, BADD, BMAN) values (74, 'Recife', '73942 Kensington Crossing', 36);
insert into Branches (BID, BNAME, BADD, BMAN) values (75, 'Shuangmiao', '66 Ruskin Terrace', 81);
insert into Branches (BID, BNAME, BADD, BMAN) values (76, 'Tavricheskoye', '450 Corscot Drive', 76);
insert into Branches (BID, BNAME, BADD, BMAN) values (77, 'Golčův Jeníkov', '02541 Buell Lane', 54);
insert into Branches (BID, BNAME, BADD, BMAN) values (78, 'Beška', '03 Walton Way', 92);
insert into Branches (BID, BNAME, BADD, BMAN) values (79, 'Awat', '861 Commercial Pass', 86);
insert into Branches (BID, BNAME, BADD, BMAN) values (80, 'Sudogda', '57 Elmside Center', 74);
insert into Branches (BID, BNAME, BADD, BMAN) values (81, 'Gorzyczki', '398 Little Fleur Park', 88);
insert into Branches (BID, BNAME, BADD, BMAN) values (82, 'Las Vegas', '05913 School Road', 67);
insert into Branches (BID, BNAME, BADD, BMAN) values (83, 'Dewetsdorp', '51 Merry Way', 55);
insert into Branches (BID, BNAME, BADD, BMAN) values (84, 'Dazi', '7430 Katie Parkway', 2);
insert into Branches (BID, BNAME, BADD, BMAN) values (85, 'Putrajaya', '97 Hoard Court', 51);
insert into Branches (BID, BNAME, BADD, BMAN) values (86, 'Fresno', '1 Hoepker Road', 65);
insert into Branches (BID, BNAME, BADD, BMAN) values (87, 'Aimin', '40957 Shopko Drive', 28);
insert into Branches (BID, BNAME, BADD, BMAN) values (88, 'Três Rios', '59123 Dunning Court', 59);
insert into Branches (BID, BNAME, BADD, BMAN) values (89, 'Logroño', '2227 Kensington Alley', 1);
insert into Branches (BID, BNAME, BADD, BMAN) values (90, 'Bromma', '531 Ruskin Circle', 40);
insert into Branches (BID, BNAME, BADD, BMAN) values (91, 'Narawayong', '423 Farragut Street', 59);
insert into Branches (BID, BNAME, BADD, BMAN) values (92, 'Shadui', '60926 Farragut Junction', 77);
insert into Branches (BID, BNAME, BADD, BMAN) values (93, 'Balabac', '636 Oriole Terrace', 24);
insert into Branches (BID, BNAME, BADD, BMAN) values (94, 'Arevashogh', '307 Ruskin Place', 30);
insert into Branches (BID, BNAME, BADD, BMAN) values (95, 'Mtimbira', '05 Graceland Plaza', 88);
insert into Branches (BID, BNAME, BADD, BMAN) values (96, 'Karang Tengah', '03401 Kenwood Street', 90);
insert into Branches (BID, BNAME, BADD, BMAN) values (97, 'Gorshechnoye', '881 Katie Way', 90);
insert into Branches (BID, BNAME, BADD, BMAN) values (98, 'Donabate', '9 Leroy Avenue', 99);
insert into Branches (BID, BNAME, BADD, BMAN) values (99, 'Albacete', '4 Dapin Trail', 78);
insert into Branches (BID, BNAME, BADD, BMAN) values (100, 'Bambakashat', '20 Westridge Lane', 65);

insert into Customers (CID, CFN, CLN, CAD, CEM, CMN, CG) values (1, 'Harlie', 'Swyer', '590 Shoshone Junction', 'hswyer0@sphinn.com', 76353249420, 2);
insert into Customers (CID, CFN, CLN, CAD, CEM, CMN, CG) values (2, 'Esther', 'Dolphin', '82419 8th Park', 'edolphin1@meetup.com', 76312496616, 1);
insert into Customers (CID, CFN, CLN, CAD, CEM, CMN, CG) values (3, 'Martita', 'Kordas', '10 Sloan Hill', 'mkordas2@odnoklassniki.ru', 77253660243, 1);
insert into Customers (CID, CFN, CLN, CAD, CEM, CMN, CG) values (4, 'Eba', 'Wohler', '0795 Atwood Court', 'ewohler3@columbia.edu', 79379498583, 1);
insert into Customers (CID, CFN, CLN, CAD, CEM, CMN, CG) values (5, 'Melissa', 'Rumbellow', '58238 Forest Dale Court', 'mrumbellow4@xinhuanet.com', 78302764234, 2);
insert into Customers (CID, CFN, CLN, CAD, CEM, CMN, CG) values (6, 'Philip', 'Turpin', '32355 Karstens Terrace', 'pturpin5@guardian.co.uk', 75057290647, 2);
insert into Customers (CID, CFN, CLN, CAD, CEM, CMN, CG) values (7, 'Dareen', 'Tommeo', '364 Miller Hill', 'dtommeo6@bbc.co.uk', 79263350642, 2);
insert into Customers (CID, CFN, CLN, CAD, CEM, CMN, CG) values (8, 'Emmeline', 'Beneix', '49589 Green Ridge Hill', 'ebeneix7@homestead.com', 75288093743, 2);
insert into Customers (CID, CFN, CLN, CAD, CEM, CMN, CG) values (9, 'Beatrisa', 'Strettell', '80 4th Circle', 'bstrettell8@house.gov', 77111175747, 1);
insert into Customers (CID, CFN, CLN, CAD, CEM, CMN, CG) values (10, 'Reilly', 'Gilson', '69 Evergreen Terrace', 'rgilson9@1688.com', 70485360565, 0);
insert into Customers (CID, CFN, CLN, CAD, CEM, CMN, CG) values (11, 'Cary', 'Robiou', '510 Katie Center', 'crobioua@dropbox.com', 74682071822, 0);
insert into Customers (CID, CFN, CLN, CAD, CEM, CMN, CG) values (12, 'Ramsey', 'Rubroe', '32471 Novick Crossing', 'rrubroeb@usnews.com', 74716226243, 2);
insert into Customers (CID, CFN, CLN, CAD, CEM, CMN, CG) values (13, 'Demott', 'Roubert', '40108 Farragut Junction', 'droubertc@loc.gov', 73034296935, 1);
insert into Customers (CID, CFN, CLN, CAD, CEM, CMN, CG) values (14, 'Brook', 'Pinnocke', '3 Tennessee Center', 'bpinnocked@ox.ac.uk', 71105279651, 2);
insert into Customers (CID, CFN, CLN, CAD, CEM, CMN, CG) values (15, 'King', 'Sames', '2926 Gina Pass', 'ksamese@google.pl', 72022663006, 1);
insert into Customers (CID, CFN, CLN, CAD, CEM, CMN, CG) values (16, 'Valeda', 'Hirjak', '55 Nelson Junction', 'vhirjakf@ifeng.com', 70047679398, 0);
insert into Customers (CID, CFN, CLN, CAD, CEM, CMN, CG) values (17, 'Fidelity', 'Baulch', '8016 Mcguire Lane', 'fbaulchg@slashdot.org', 78991025445, 0);
insert into Customers (CID, CFN, CLN, CAD, CEM, CMN, CG) values (18, 'Berenice', 'Simmig', '86756 Atwood Drive', 'bsimmigh@mit.edu', 77227401534, 2);
insert into Customers (CID, CFN, CLN, CAD, CEM, CMN, CG) values (19, 'Hester', 'Alpe', '6601 Holmberg Pass', 'halpei@a8.net', 71061659197, 1);
insert into Customers (CID, CFN, CLN, CAD, CEM, CMN, CG) values (20, 'Maryanne', 'Bleasdale', '605 Kim Circle', 'mbleasdalej@deviantart.com', 78029430585, 0);
insert into Customers (CID, CFN, CLN, CAD, CEM, CMN, CG) values (21, 'Lloyd', 'Florentine', '498 Erie Center', 'lflorentinek@photobucket.com', 73094229171, 1);
insert into Customers (CID, CFN, CLN, CAD, CEM, CMN, CG) values (22, 'Upton', 'Zamorrano', '0593 Del Sol Junction', 'uzamorranol@mozilla.org', 72564563048, 2);
insert into Customers (CID, CFN, CLN, CAD, CEM, CMN, CG) values (23, 'Gage', 'Du Hamel', '2135 Milwaukee Park', 'gduhamelm@newsvine.com', 73501804659, 2);
insert into Customers (CID, CFN, CLN, CAD, CEM, CMN, CG) values (24, 'Heath', 'Oddy', '5924 Grover Junction', 'hoddyn@ameblo.jp', 77507716313, 1);
insert into Customers (CID, CFN, CLN, CAD, CEM, CMN, CG) values (25, 'Ingemar', 'Surmon', '90 Valley Edge Park', 'isurmono@bigcartel.com', 72619239788, 1);
insert into Customers (CID, CFN, CLN, CAD, CEM, CMN, CG) values (26, 'Klemens', 'Hasling', '7 Rusk Road', 'khaslingp@youku.com', 79983172531, 1);
insert into Customers (CID, CFN, CLN, CAD, CEM, CMN, CG) values (27, 'Pammi', 'Cornthwaite', '903 Arkansas Plaza', 'pcornthwaiteq@youku.com', 75142811969, 0);
insert into Customers (CID, CFN, CLN, CAD, CEM, CMN, CG) values (28, 'Les', 'Tern', '610 Ramsey Crossing', 'lternr@forbes.com', 78422147132, 0);
insert into Customers (CID, CFN, CLN, CAD, CEM, CMN, CG) values (29, 'Lorri', 'MacCague', '5 Esker Place', 'lmaccagues@princeton.edu', 75674812136, 1);
insert into Customers (CID, CFN, CLN, CAD, CEM, CMN, CG) values (30, 'Kitty', 'Grundon', '3109 Cherokee Plaza', 'kgrundont@bandcamp.com', 72706576591, 2);
insert into Customers (CID, CFN, CLN, CAD, CEM, CMN, CG) values (31, 'Lotti', 'Lehemann', '02 Mesta Crossing', 'llehemannu@friendfeed.com', 70158356000, 0);
insert into Customers (CID, CFN, CLN, CAD, CEM, CMN, CG) values (32, 'Sunny', 'Dewhurst', '13 Memorial Plaza', 'sdewhurstv@bbb.org', 78641738908, 0);
insert into Customers (CID, CFN, CLN, CAD, CEM, CMN, CG) values (33, 'Arlen', 'Nortcliffe', '5812 Fallview Alley', 'anortcliffew@yale.edu', 72941229205, 0);
insert into Customers (CID, CFN, CLN, CAD, CEM, CMN, CG) values (34, 'Andriette', 'Denizet', '65652 Meadow Ridge Center', 'adenizetx@nydailynews.com', 78446545407, 0);
insert into Customers (CID, CFN, CLN, CAD, CEM, CMN, CG) values (35, 'Bill', 'Magrane', '06446 Trailsway Court', 'bmagraney@networkadvertising.org', 79543199163, 0);
insert into Customers (CID, CFN, CLN, CAD, CEM, CMN, CG) values (36, 'Hedda', 'MacGarvey', '69 Manufacturers Street', 'hmacgarveyz@wix.com', 78228971077, 0);
insert into Customers (CID, CFN, CLN, CAD, CEM, CMN, CG) values (37, 'Maximilien', 'Boshard', '9048 Dakota Terrace', 'mboshard10@over-blog.com', 78774611409, 2);
insert into Customers (CID, CFN, CLN, CAD, CEM, CMN, CG) values (38, 'Happy', 'Grube', '6 Crownhardt Trail', 'hgrube11@thetimes.co.uk', 74398296669, 1);
insert into Customers (CID, CFN, CLN, CAD, CEM, CMN, CG) values (39, 'Kristen', 'Hariot', '35 Monument Plaza', 'khariot12@webeden.co.uk', 70323400904, 1);
insert into Customers (CID, CFN, CLN, CAD, CEM, CMN, CG) values (40, 'Benjamin', 'Kroger', '1 Chinook Road', 'bkroger13@arizona.edu', 73903227486, 0);
insert into Customers (CID, CFN, CLN, CAD, CEM, CMN, CG) values (41, 'Davy', 'Tumbelty', '067 Beilfuss Road', 'dtumbelty14@dot.gov', 72424354967, 1);
insert into Customers (CID, CFN, CLN, CAD, CEM, CMN, CG) values (42, 'Meta', 'Marlen', '8 Crest Line Point', 'mmarlen15@trellian.com', 77733783674, 2);
insert into Customers (CID, CFN, CLN, CAD, CEM, CMN, CG) values (43, 'Carol', 'Menauteau', '15 Kenwood Park', 'cmenauteau16@creativecommons.org', 77241985197, 2);
insert into Customers (CID, CFN, CLN, CAD, CEM, CMN, CG) values (44, 'Carlye', 'Hebson', '46 Mccormick Circle', 'chebson17@homestead.com', 79385975393, 1);
insert into Customers (CID, CFN, CLN, CAD, CEM, CMN, CG) values (45, 'De', 'Hamberstone', '70857 Carey Pass', 'dhamberstone18@list-manage.com', 70502788052, 1);
insert into Customers (CID, CFN, CLN, CAD, CEM, CMN, CG) values (46, 'Davidson', 'Bold', '821 Jenifer Parkway', 'dbold19@uol.com.br', 70042795893, 0);
insert into Customers (CID, CFN, CLN, CAD, CEM, CMN, CG) values (47, 'Hilda', 'Ludlam', '253 Sommers Street', 'hludlam1a@google.ru', 71431792565, 2);
insert into Customers (CID, CFN, CLN, CAD, CEM, CMN, CG) values (48, 'Gerladina', 'Khadir', '7184 Loomis Circle', 'gkhadir1b@examiner.com', 70293651994, 1);
insert into Customers (CID, CFN, CLN, CAD, CEM, CMN, CG) values (49, 'Bamby', 'Silvester', '075 Melody Pass', 'bsilvester1c@yelp.com', 78018389386, 0);
insert into Customers (CID, CFN, CLN, CAD, CEM, CMN, CG) values (50, 'Sharline', 'Shailer', '81061 Vahlen Hill', 'sshailer1d@mtv.com', 77185082920, 0);
insert into Customers (CID, CFN, CLN, CAD, CEM, CMN, CG) values (51, 'Hailey', 'Strickland', '08 Kim Point', 'hstrickland1e@vimeo.com', 78629831752, 2);
insert into Customers (CID, CFN, CLN, CAD, CEM, CMN, CG) values (52, 'Janenna', 'Crampton', '30 Granby Place', 'jcrampton1f@yahoo.com', 79198864803, 1);
insert into Customers (CID, CFN, CLN, CAD, CEM, CMN, CG) values (53, 'Theresina', 'Mathen', '62106 Hintze Road', 'tmathen1g@yahoo.com', 72515937256, 0);
insert into Customers (CID, CFN, CLN, CAD, CEM, CMN, CG) values (54, 'Stephine', 'Barrar', '85768 Division Road', 'sbarrar1h@netlog.com', 78748316013, 0);
insert into Customers (CID, CFN, CLN, CAD, CEM, CMN, CG) values (55, 'Tye', 'Iacivelli', '8627 Anniversary Road', 'tiacivelli1i@redcross.org', 78557431877, 1);
insert into Customers (CID, CFN, CLN, CAD, CEM, CMN, CG) values (56, 'Aeriel', 'Rotter', '9952 Susan Plaza', 'arotter1j@addthis.com', 72577722639, 0);
insert into Customers (CID, CFN, CLN, CAD, CEM, CMN, CG) values (57, 'Adina', 'Pervew', '42038 Loeprich Drive', 'apervew1k@ustream.tv', 74277804011, 0);
insert into Customers (CID, CFN, CLN, CAD, CEM, CMN, CG) values (58, 'Mycah', 'Cotterel', '8967 Golf Course Pass', 'mcotterel1l@dyndns.org', 76737364127, 0);
insert into Customers (CID, CFN, CLN, CAD, CEM, CMN, CG) values (59, 'Bridgette', 'Fourmy', '628 Cascade Avenue', 'bfourmy1m@ihg.com', 70481815290, 1);
insert into Customers (CID, CFN, CLN, CAD, CEM, CMN, CG) values (60, 'Joann', 'Redmile', '984 Algoma Pass', 'jredmile1n@addthis.com', 75955442254, 2);
insert into Customers (CID, CFN, CLN, CAD, CEM, CMN, CG) values (61, 'Kora', 'Watkiss', '522 Knutson Alley', 'kwatkiss1o@sciencedaily.com', 74431359227, 2);
insert into Customers (CID, CFN, CLN, CAD, CEM, CMN, CG) values (62, 'Audy', 'Allix', '7 Delladonna Lane', 'aallix1p@nyu.edu', 74027196723, 0);
insert into Customers (CID, CFN, CLN, CAD, CEM, CMN, CG) values (63, 'Ada', 'Fairhurst', '9370 Chinook Terrace', 'afairhurst1q@cmu.edu', 78966487910, 2);
insert into Customers (CID, CFN, CLN, CAD, CEM, CMN, CG) values (64, 'Ardys', 'Link', '2100 John Wall Lane', 'alink1r@angelfire.com', 75882958218, 1);
insert into Customers (CID, CFN, CLN, CAD, CEM, CMN, CG) values (65, 'Hunt', 'Southwell', '181 Westerfield Hill', 'hsouthwell1s@indiegogo.com', 76759336569, 0);
insert into Customers (CID, CFN, CLN, CAD, CEM, CMN, CG) values (66, 'Margarethe', 'Standley', '68244 Pennsylvania Trail', 'mstandley1t@accuweather.com', 74663301190, 1);
insert into Customers (CID, CFN, CLN, CAD, CEM, CMN, CG) values (67, 'Sharyl', 'Looby', '8 Petterle Junction', 'slooby1u@usnews.com', 77971523890, 1);
insert into Customers (CID, CFN, CLN, CAD, CEM, CMN, CG) values (68, 'Witty', 'Debow', '69250 Oneill Center', 'wdebow1v@senate.gov', 70581697679, 0);
insert into Customers (CID, CFN, CLN, CAD, CEM, CMN, CG) values (69, 'Bevon', 'Bottle', '4 Mallard Avenue', 'bbottle1w@bigcartel.com', 76032593309, 1);
insert into Customers (CID, CFN, CLN, CAD, CEM, CMN, CG) values (70, 'Cheslie', 'Perton', '816 Rusk Trail', 'cperton1x@angelfire.com', 70113147284, 1);
insert into Customers (CID, CFN, CLN, CAD, CEM, CMN, CG) values (71, 'Klara', 'McVittie', '3 Carpenter Crossing', 'kmcvittie1y@noaa.gov', 78783915800, 1);
insert into Customers (CID, CFN, CLN, CAD, CEM, CMN, CG) values (72, 'Melina', 'McAllister', '88 Lukken Drive', 'mmcallister1z@indiegogo.com', 79568458449, 0);
insert into Customers (CID, CFN, CLN, CAD, CEM, CMN, CG) values (73, 'Sutherland', 'McCorry', '9379 Derek Place', 'smccorry20@bloglines.com', 79955901793, 0);
insert into Customers (CID, CFN, CLN, CAD, CEM, CMN, CG) values (74, 'Lev', 'Domelow', '72 Rowland Parkway', 'ldomelow21@a8.net', 78568725486, 1);
insert into Customers (CID, CFN, CLN, CAD, CEM, CMN, CG) values (75, 'Nap', 'Gwilt', '92 Rowland Junction', 'ngwilt22@prlog.org', 72552875742, 2);
insert into Customers (CID, CFN, CLN, CAD, CEM, CMN, CG) values (76, 'Viv', 'Kinchin', '82162 Fulton Road', 'vkinchin23@yahoo.co.jp', 70492704262, 0);
insert into Customers (CID, CFN, CLN, CAD, CEM, CMN, CG) values (77, 'Dolph', 'Gennrich', '362 Blaine Point', 'dgennrich24@smugmug.com', 76770182613, 2);
insert into Customers (CID, CFN, CLN, CAD, CEM, CMN, CG) values (78, 'Nicholas', 'Goff', '94 Jay Hill', 'ngoff25@mozilla.org', 77423585970, 1);
insert into Customers (CID, CFN, CLN, CAD, CEM, CMN, CG) values (79, 'Ardella', 'Pollitt', '96918 Kinsman Pass', 'apollitt26@imageshack.us', 71444335945, 1);
insert into Customers (CID, CFN, CLN, CAD, CEM, CMN, CG) values (80, 'Paulita', 'Newvill', '3 Gulseth Trail', 'pnewvill27@nytimes.com', 71654010586, 2);
insert into Customers (CID, CFN, CLN, CAD, CEM, CMN, CG) values (81, 'Sullivan', 'Laminman', '5 Merrick Avenue', 'slaminman28@forbes.com', 72690762918, 0);
insert into Customers (CID, CFN, CLN, CAD, CEM, CMN, CG) values (82, 'Ruperta', 'Godly', '19419 Canary Plaza', 'rgodly29@acquirethisname.com', 72191212826, 0);
insert into Customers (CID, CFN, CLN, CAD, CEM, CMN, CG) values (83, 'Skelly', 'Mattam', '5 Johnson Road', 'smattam2a@scribd.com', 72723067298, 2);
insert into Customers (CID, CFN, CLN, CAD, CEM, CMN, CG) values (84, 'Harrie', 'Girauld', '8093 Vernon Court', 'hgirauld2b@examiner.com', 79837426251, 1);
insert into Customers (CID, CFN, CLN, CAD, CEM, CMN, CG) values (85, 'Sutherlan', 'Verry', '4885 Transport Crossing', 'sverry2c@meetup.com', 76878721081, 2);
insert into Customers (CID, CFN, CLN, CAD, CEM, CMN, CG) values (86, 'Marga', 'Goldsbury', '95581 Petterle Center', 'mgoldsbury2d@facebook.com', 73426405305, 1);
insert into Customers (CID, CFN, CLN, CAD, CEM, CMN, CG) values (87, 'Aldis', 'Scading', '22765 Esker Circle', 'ascading2e@ycombinator.com', 73307937371, 2);
insert into Customers (CID, CFN, CLN, CAD, CEM, CMN, CG) values (88, 'Cyrille', 'Goodie', '418 Derek Center', 'cgoodie2f@patch.com', 71214482631, 2);
insert into Customers (CID, CFN, CLN, CAD, CEM, CMN, CG) values (89, 'Godwin', 'Ellam', '710 Moose Park', 'gellam2g@army.mil', 73012329032, 2);
insert into Customers (CID, CFN, CLN, CAD, CEM, CMN, CG) values (90, 'Olivier', 'Audritt', '540 Dahle Pass', 'oaudritt2h@mlb.com', 71829028270, 1);
insert into Customers (CID, CFN, CLN, CAD, CEM, CMN, CG) values (91, 'Findley', 'Hurcombe', '24763 Bluejay Place', 'fhurcombe2i@netlog.com', 73184807291, 2);
insert into Customers (CID, CFN, CLN, CAD, CEM, CMN, CG) values (92, 'Shayna', 'Sinott', '118 Golf Course Point', 'ssinott2j@uol.com.br', 71425351177, 2);
insert into Customers (CID, CFN, CLN, CAD, CEM, CMN, CG) values (93, 'Roddy', 'Wittier', '17590 Carberry Court', 'rwittier2k@edublogs.org', 78700251189, 2);
insert into Customers (CID, CFN, CLN, CAD, CEM, CMN, CG) values (94, 'Gabbie', 'Fearnley', '7684 Fremont Place', 'gfearnley2l@newyorker.com', 78802311173, 0);
insert into Customers (CID, CFN, CLN, CAD, CEM, CMN, CG) values (95, 'Wolfie', 'Ryce', '9250 Almo Terrace', 'wryce2m@fda.gov', 75081995782, 0);
insert into Customers (CID, CFN, CLN, CAD, CEM, CMN, CG) values (96, 'Fredrika', 'Ladyman', '3451 Manufacturers Terrace', 'fladyman2n@bbc.co.uk', 74067634621, 2);
insert into Customers (CID, CFN, CLN, CAD, CEM, CMN, CG) values (97, 'Gaile', 'Adds', '9 Delladonna Hill', 'gadds2o@about.me', 75561671674, 0);
insert into Customers (CID, CFN, CLN, CAD, CEM, CMN, CG) values (98, 'Ganny', 'Beauchamp', '4253 Summit Road', 'gbeauchamp2p@umn.edu', 78846889241, 0);
insert into Customers (CID, CFN, CLN, CAD, CEM, CMN, CG) values (99, 'Penny', 'Bredee', '4412 Kingsford Place', 'pbredee2q@geocities.jp', 75353837801, 1);
insert into Customers (CID, CFN, CLN, CAD, CEM, CMN, CG) values (100, 'Raymond', 'Oxherd', '5692 Fieldstone Pass', 'roxherd2r@goo.gl', 76043169412, 2);

insert into Orders (OID, CID, ODATE, PID, BID) values (1, 1, '6/29/2019', 1, 1);
insert into Orders (OID, CID, ODATE, PID, BID) values (2, 2, '2/3/2019', 2, 2);
insert into Orders (OID, CID, ODATE, PID, BID) values (3, 3, '10/8/2019', 3, 3);
insert into Orders (OID, CID, ODATE, PID, BID) values (4, 4, '1/2/2019', 4, 4);
insert into Orders (OID, CID, ODATE, PID, BID) values (5, 5, '1/20/2019', 5, 5);
insert into Orders (OID, CID, ODATE, PID, BID) values (6, 6, '9/30/2019', 6, 6);
insert into Orders (OID, CID, ODATE, PID, BID) values (7, 7, '11/4/2018', 7, 7);
insert into Orders (OID, CID, ODATE, PID, BID) values (8, 8, '12/3/2018', 8, 8);
insert into Orders (OID, CID, ODATE, PID, BID) values (9, 9, '5/28/2019', 9, 9);
insert into Orders (OID, CID, ODATE, PID, BID) values (10, 10, '3/27/2019', 10, 10);
insert into Orders (OID, CID, ODATE, PID, BID) values (11, 11, '10/7/2019', 11, 11);
insert into Orders (OID, CID, ODATE, PID, BID) values (12, 12, '6/10/2019', 12, 12);
insert into Orders (OID, CID, ODATE, PID, BID) values (13, 13, '6/16/2019', 13, 13);
insert into Orders (OID, CID, ODATE, PID, BID) values (14, 14, '8/7/2019', 14, 14);
insert into Orders (OID, CID, ODATE, PID, BID) values (15, 15, '5/27/2019', 15, 15);
insert into Orders (OID, CID, ODATE, PID, BID) values (16, 16, '9/1/2019', 16, 16);
insert into Orders (OID, CID, ODATE, PID, BID) values (17, 17, '8/27/2019', 17, 17);
insert into Orders (OID, CID, ODATE, PID, BID) values (18, 18, '11/13/2018', 18, 18);
insert into Orders (OID, CID, ODATE, PID, BID) values (19, 19, '2/16/2019', 19, 19);
insert into Orders (OID, CID, ODATE, PID, BID) values (20, 20, '8/20/2019', 20, 20);
insert into Orders (OID, CID, ODATE, PID, BID) values (21, 21, '5/11/2019', 21, 21);
insert into Orders (OID, CID, ODATE, PID, BID) values (22, 22, '7/14/2019', 22, 22);
insert into Orders (OID, CID, ODATE, PID, BID) values (23, 23, '7/24/2019', 23, 23);
insert into Orders (OID, CID, ODATE, PID, BID) values (24, 24, '4/17/2019', 24, 24);
insert into Orders (OID, CID, ODATE, PID, BID) values (25, 25, '4/4/2019', 25, 25);
insert into Orders (OID, CID, ODATE, PID, BID) values (26, 26, '3/21/2019', 26, 26);
insert into Orders (OID, CID, ODATE, PID, BID) values (27, 27, '11/17/2018', 27, 27);
insert into Orders (OID, CID, ODATE, PID, BID) values (28, 28, '3/7/2019', 28, 28);
insert into Orders (OID, CID, ODATE, PID, BID) values (29, 29, '11/16/2018', 29, 29);
insert into Orders (OID, CID, ODATE, PID, BID) values (30, 30, '10/25/2018', 30, 30);
insert into Orders (OID, CID, ODATE, PID, BID) values (31, 31, '7/4/2019', 31, 31);
insert into Orders (OID, CID, ODATE, PID, BID) values (32, 32, '7/29/2019', 32, 32);
insert into Orders (OID, CID, ODATE, PID, BID) values (33, 33, '7/20/2019', 33, 33);
insert into Orders (OID, CID, ODATE, PID, BID) values (34, 34, '4/1/2019', 34, 34);
insert into Orders (OID, CID, ODATE, PID, BID) values (35, 35, '11/21/2018', 35, 35);
insert into Orders (OID, CID, ODATE, PID, BID) values (36, 36, '8/27/2019', 36, 36);
insert into Orders (OID, CID, ODATE, PID, BID) values (37, 37, '3/9/2019', 37, 37);
insert into Orders (OID, CID, ODATE, PID, BID) values (38, 38, '10/23/2018', 38, 38);
insert into Orders (OID, CID, ODATE, PID, BID) values (39, 39, '1/2/2019', 39, 39);
insert into Orders (OID, CID, ODATE, PID, BID) values (40, 40, '11/27/2018', 40, 40);
insert into Orders (OID, CID, ODATE, PID, BID) values (41, 41, '12/27/2018', 41, 41);
insert into Orders (OID, CID, ODATE, PID, BID) values (42, 42, '10/22/2018', 42, 42);
insert into Orders (OID, CID, ODATE, PID, BID) values (43, 43, '10/9/2019', 43, 43);
insert into Orders (OID, CID, ODATE, PID, BID) values (44, 44, '6/9/2019', 44, 44);
insert into Orders (OID, CID, ODATE, PID, BID) values (45, 45, '10/24/2018', 45, 45);
insert into Orders (OID, CID, ODATE, PID, BID) values (46, 46, '5/11/2019', 46, 46);
insert into Orders (OID, CID, ODATE, PID, BID) values (47, 47, '9/13/2019', 47, 47);
insert into Orders (OID, CID, ODATE, PID, BID) values (48, 48, '4/17/2019', 48, 48);
insert into Orders (OID, CID, ODATE, PID, BID) values (49, 49, '5/10/2019', 49, 49);
insert into Orders (OID, CID, ODATE, PID, BID) values (50, 50, '7/19/2019', 50, 50);
insert into Orders (OID, CID, ODATE, PID, BID) values (51, 51, '12/1/2018', 51, 51);
insert into Orders (OID, CID, ODATE, PID, BID) values (52, 52, '1/30/2019', 52, 52);
insert into Orders (OID, CID, ODATE, PID, BID) values (53, 53, '6/19/2019', 53, 53);
insert into Orders (OID, CID, ODATE, PID, BID) values (54, 54, '6/27/2019', 54, 54);
insert into Orders (OID, CID, ODATE, PID, BID) values (55, 55, '1/7/2019', 55, 55);
insert into Orders (OID, CID, ODATE, PID, BID) values (56, 56, '12/31/2018', 56, 56);
insert into Orders (OID, CID, ODATE, PID, BID) values (57, 57, '11/26/2018', 57, 57);
insert into Orders (OID, CID, ODATE, PID, BID) values (58, 58, '4/3/2019', 58, 58);
insert into Orders (OID, CID, ODATE, PID, BID) values (59, 59, '6/21/2019', 59, 59);
insert into Orders (OID, CID, ODATE, PID, BID) values (60, 60, '10/29/2018', 60, 60);
insert into Orders (OID, CID, ODATE, PID, BID) values (61, 61, '2/20/2019', 61, 61);
insert into Orders (OID, CID, ODATE, PID, BID) values (62, 62, '1/9/2019', 62, 62);
insert into Orders (OID, CID, ODATE, PID, BID) values (63, 63, '11/5/2018', 63, 63);
insert into Orders (OID, CID, ODATE, PID, BID) values (64, 64, '1/6/2019', 64, 64);
insert into Orders (OID, CID, ODATE, PID, BID) values (65, 65, '1/26/2019', 65, 65);
insert into Orders (OID, CID, ODATE, PID, BID) values (66, 66, '7/31/2019', 66, 66);
insert into Orders (OID, CID, ODATE, PID, BID) values (67, 67, '12/4/2018', 67, 67);
insert into Orders (OID, CID, ODATE, PID, BID) values (68, 68, '2/19/2019', 68, 68);
insert into Orders (OID, CID, ODATE, PID, BID) values (69, 69, '3/14/2019', 69, 69);
insert into Orders (OID, CID, ODATE, PID, BID) values (70, 70, '1/5/2019', 70, 70);
insert into Orders (OID, CID, ODATE, PID, BID) values (71, 71, '7/5/2019', 71, 71);
insert into Orders (OID, CID, ODATE, PID, BID) values (72, 72, '2/4/2019', 72, 72);
insert into Orders (OID, CID, ODATE, PID, BID) values (73, 73, '9/14/2019', 73, 73);
insert into Orders (OID, CID, ODATE, PID, BID) values (74, 74, '8/22/2019', 74, 74);
insert into Orders (OID, CID, ODATE, PID, BID) values (75, 75, '4/22/2019', 75, 75);
insert into Orders (OID, CID, ODATE, PID, BID) values (76, 76, '2/5/2019', 76, 76);
insert into Orders (OID, CID, ODATE, PID, BID) values (77, 77, '10/29/2018', 77, 77);
insert into Orders (OID, CID, ODATE, PID, BID) values (78, 78, '9/18/2019', 78, 78);
insert into Orders (OID, CID, ODATE, PID, BID) values (79, 79, '8/24/2019', 79, 79);
insert into Orders (OID, CID, ODATE, PID, BID) values (80, 80, '6/2/2019', 80, 80);
insert into Orders (OID, CID, ODATE, PID, BID) values (81, 81, '10/21/2018', 81, 81);
insert into Orders (OID, CID, ODATE, PID, BID) values (82, 82, '1/6/2019', 82, 82);
insert into Orders (OID, CID, ODATE, PID, BID) values (83, 83, '9/12/2019', 83, 83);
insert into Orders (OID, CID, ODATE, PID, BID) values (84, 84, '12/23/2018', 84, 84);
insert into Orders (OID, CID, ODATE, PID, BID) values (85, 85, '9/7/2019', 85, 85);
insert into Orders (OID, CID, ODATE, PID, BID) values (86, 86, '1/7/2019', 86, 86);
insert into Orders (OID, CID, ODATE, PID, BID) values (87, 87, '5/28/2019', 87, 87);
insert into Orders (OID, CID, ODATE, PID, BID) values (88, 88, '2/3/2019', 88, 88);
insert into Orders (OID, CID, ODATE, PID, BID) values (89, 89, '3/9/2019', 89, 89);
insert into Orders (OID, CID, ODATE, PID, BID) values (90, 90, '3/10/2019', 90, 90);
insert into Orders (OID, CID, ODATE, PID, BID) values (91, 91, '10/10/2019', 91, 91);
insert into Orders (OID, CID, ODATE, PID, BID) values (92, 92, '2/5/2019', 92, 92);
insert into Orders (OID, CID, ODATE, PID, BID) values (93, 93, '12/17/2018', 93, 93);
insert into Orders (OID, CID, ODATE, PID, BID) values (94, 94, '8/30/2019', 94, 94);
insert into Orders (OID, CID, ODATE, PID, BID) values (95, 95, '11/22/2018', 95, 95);
insert into Orders (OID, CID, ODATE, PID, BID) values (96, 96, '4/18/2019', 96, 96);
insert into Orders (OID, CID, ODATE, PID, BID) values (97, 97, '4/4/2019', 97, 97);
insert into Orders (OID, CID, ODATE, PID, BID) values (98, 98, '11/12/2018', 98, 98);
insert into Orders (OID, CID, ODATE, PID, BID) values (99, 99, '12/27/2018', 99, 99);
insert into Orders (OID, CID, ODATE, PID, BID) values (100, 100, '1/22/2019', 100, 100);

insert into Prices (DATE, PID, PRICE) values ('4/13/2019', 39, 49.34);
insert into Prices (DATE, PID, PRICE) values ('1/21/2019', 29, 24.38);
insert into Prices (DATE, PID, PRICE) values ('4/4/2019', 81, 67.22);
insert into Prices (DATE, PID, PRICE) values ('12/31/2018', 26, 71.43);
insert into Prices (DATE, PID, PRICE) values ('9/9/2019', 99, 86.37);
insert into Prices (DATE, PID, PRICE) values ('12/18/2018', 84, 36.47);
insert into Prices (DATE, PID, PRICE) values ('10/1/2019', 86, 82.79);
insert into Prices (DATE, PID, PRICE) values ('8/15/2019', 14, 79.74);
insert into Prices (DATE, PID, PRICE) values ('4/25/2019', 71, 81.86);
insert into Prices (DATE, PID, PRICE) values ('10/17/2018', 98, 68.59);
insert into Prices (DATE, PID, PRICE) values ('5/22/2019', 54, 26.79);
insert into Prices (DATE, PID, PRICE) values ('11/28/2018', 27, 43.04);
insert into Prices (DATE, PID, PRICE) values ('1/25/2019', 31, 70.08);
insert into Prices (DATE, PID, PRICE) values ('10/26/2018', 76, 29.69);
insert into Prices (DATE, PID, PRICE) values ('6/17/2019', 36, 28.7);
insert into Prices (DATE, PID, PRICE) values ('10/26/2018', 49, 28.88);
insert into Prices (DATE, PID, PRICE) values ('9/24/2019', 85, 6.42);
insert into Prices (DATE, PID, PRICE) values ('3/30/2019', 31, 87.4);
insert into Prices (DATE, PID, PRICE) values ('4/7/2019', 36, 84.96);
insert into Prices (DATE, PID, PRICE) values ('8/8/2019', 31, 39.75);
insert into Prices (DATE, PID, PRICE) values ('2/28/2019', 19, 93.57);
insert into Prices (DATE, PID, PRICE) values ('9/17/2019', 75, 58.86);
insert into Prices (DATE, PID, PRICE) values ('7/17/2019', 3, 36.22);
insert into Prices (DATE, PID, PRICE) values ('10/30/2018', 20, 1.36);
insert into Prices (DATE, PID, PRICE) values ('8/28/2019', 57, 61.78);
insert into Prices (DATE, PID, PRICE) values ('10/1/2019', 77, 4.76);
insert into Prices (DATE, PID, PRICE) values ('1/21/2019', 74, 82.71);
insert into Prices (DATE, PID, PRICE) values ('7/27/2019', 80, 89.3);
insert into Prices (DATE, PID, PRICE) values ('6/11/2019', 62, 44.3);
insert into Prices (DATE, PID, PRICE) values ('3/8/2019', 75, 90.8);
insert into Prices (DATE, PID, PRICE) values ('1/20/2019', 32, 44.66);
insert into Prices (DATE, PID, PRICE) values ('8/20/2019', 67, 95.53);
insert into Prices (DATE, PID, PRICE) values ('9/27/2019', 60, 80.97);
insert into Prices (DATE, PID, PRICE) values ('1/11/2019', 83, 55.46);
insert into Prices (DATE, PID, PRICE) values ('7/11/2019', 24, 59.88);
insert into Prices (DATE, PID, PRICE) values ('2/5/2019', 50, 31.31);
insert into Prices (DATE, PID, PRICE) values ('12/24/2018', 55, 16.56);
insert into Prices (DATE, PID, PRICE) values ('7/11/2019', 55, 34.76);
insert into Prices (DATE, PID, PRICE) values ('5/14/2019', 27, 93.93);
insert into Prices (DATE, PID, PRICE) values ('12/9/2018', 54, 10.33);
insert into Prices (DATE, PID, PRICE) values ('9/12/2019', 57, 96.07);
insert into Prices (DATE, PID, PRICE) values ('1/8/2019', 50, 20.26);
insert into Prices (DATE, PID, PRICE) values ('6/5/2019', 66, 97.99);
insert into Prices (DATE, PID, PRICE) values ('10/6/2019', 57, 50.07);
insert into Prices (DATE, PID, PRICE) values ('7/14/2019', 90, 75.38);
insert into Prices (DATE, PID, PRICE) values ('11/7/2018', 28, 37.26);
insert into Prices (DATE, PID, PRICE) values ('1/17/2019', 10, 55.7);
insert into Prices (DATE, PID, PRICE) values ('4/18/2019', 39, 73.66);
insert into Prices (DATE, PID, PRICE) values ('11/16/2018', 89, 33.18);
insert into Prices (DATE, PID, PRICE) values ('7/3/2019', 69, 18.53);
insert into Prices (DATE, PID, PRICE) values ('3/2/2019', 86, 7.54);
insert into Prices (DATE, PID, PRICE) values ('6/19/2019', 72, 71.58);
insert into Prices (DATE, PID, PRICE) values ('3/3/2019', 16, 89.01);
insert into Prices (DATE, PID, PRICE) values ('7/25/2019', 20, 44.63);
insert into Prices (DATE, PID, PRICE) values ('6/24/2019', 58, 64.83);
insert into Prices (DATE, PID, PRICE) values ('5/26/2019', 52, 83.85);
insert into Prices (DATE, PID, PRICE) values ('11/13/2018', 48, 67.37);
insert into Prices (DATE, PID, PRICE) values ('2/19/2019', 54, 33.24);
insert into Prices (DATE, PID, PRICE) values ('10/9/2019', 15, 68.63);
insert into Prices (DATE, PID, PRICE) values ('5/4/2019', 80, 95.19);
insert into Prices (DATE, PID, PRICE) values ('9/16/2019', 4, 9.22);
insert into Prices (DATE, PID, PRICE) values ('10/23/2018', 94, 14.22);
insert into Prices (DATE, PID, PRICE) values ('2/25/2019', 36, 7.54);
insert into Prices (DATE, PID, PRICE) values ('10/14/2019', 11, 71.78);
insert into Prices (DATE, PID, PRICE) values ('4/3/2019', 48, 32.14);
insert into Prices (DATE, PID, PRICE) values ('11/29/2018', 45, 32.13);
insert into Prices (DATE, PID, PRICE) values ('4/23/2019', 27, 44.86);
insert into Prices (DATE, PID, PRICE) values ('4/15/2019', 22, 65.04);
insert into Prices (DATE, PID, PRICE) values ('8/25/2019', 84, 96.6);
insert into Prices (DATE, PID, PRICE) values ('3/8/2019', 16, 99.73);
insert into Prices (DATE, PID, PRICE) values ('5/4/2019', 6, 31.3);
insert into Prices (DATE, PID, PRICE) values ('9/14/2019', 58, 85.67);
insert into Prices (DATE, PID, PRICE) values ('3/25/2019', 34, 32.68);
insert into Prices (DATE, PID, PRICE) values ('5/24/2019', 76, 14.61);
insert into Prices (DATE, PID, PRICE) values ('8/26/2019', 83, 10.97);
insert into Prices (DATE, PID, PRICE) values ('10/29/2018', 7, 38.4);
insert into Prices (DATE, PID, PRICE) values ('9/8/2019', 58, 6.01);
insert into Prices (DATE, PID, PRICE) values ('6/27/2019', 66, 90.81);
insert into Prices (DATE, PID, PRICE) values ('2/8/2019', 42, 44.92);
insert into Prices (DATE, PID, PRICE) values ('3/8/2019', 54, 15.62);
insert into Prices (DATE, PID, PRICE) values ('10/17/2018', 76, 44.3);
insert into Prices (DATE, PID, PRICE) values ('11/25/2018', 6, 71.52);
insert into Prices (DATE, PID, PRICE) values ('1/6/2019', 9, 34.42);
insert into Prices (DATE, PID, PRICE) values ('4/12/2019', 7, 7.05);
insert into Prices (DATE, PID, PRICE) values ('4/19/2019', 16, 60.43);
insert into Prices (DATE, PID, PRICE) values ('6/24/2019', 20, 98.92);
insert into Prices (DATE, PID, PRICE) values ('1/13/2019', 5, 89.52);
insert into Prices (DATE, PID, PRICE) values ('11/12/2018', 65, 46.14);
insert into Prices (DATE, PID, PRICE) values ('6/23/2019', 97, 61.25);
insert into Prices (DATE, PID, PRICE) values ('3/21/2019', 74, 3.62);
insert into Prices (DATE, PID, PRICE) values ('8/14/2019', 37, 59.63);
insert into Prices (DATE, PID, PRICE) values ('12/6/2018', 90, 35.09);
insert into Prices (DATE, PID, PRICE) values ('4/12/2019', 3, 46.43);
insert into Prices (DATE, PID, PRICE) values ('10/24/2018', 71, 22.65);
insert into Prices (DATE, PID, PRICE) values ('7/9/2019', 76, 15.02);
insert into Prices (DATE, PID, PRICE) values ('6/20/2019', 52, 64.24);
insert into Prices (DATE, PID, PRICE) values ('9/16/2019', 56, 93.83);
insert into Prices (DATE, PID, PRICE) values ('10/17/2018', 38, 42.98);
insert into Prices (DATE, PID, PRICE) values ('7/1/2019', 74, 58.66);
insert into Prices (DATE, PID, PRICE) values ('9/14/2019', 77, 36.57);

insert into Products (PID, PNAME, PDESC, PSIZE, UOM, AISLE, LIVE) values (1, 'Oil - Truffle, White', 'Hagen Daza - Dk Choocolate', 95, 'KG', 39, false);
insert into Products (PID, PNAME, PDESC, PSIZE, UOM, AISLE, LIVE) values (2, 'Bread Foccacia Whole', 'Puree - Mocha', 14, 'KG', 12, true);
insert into Products (PID, PNAME, PDESC, PSIZE, UOM, AISLE, LIVE) values (3, 'Oil - Canola', 'Soup - Campbells Beef Noodle', 21, 'LENGTH', 11, false);
insert into Products (PID, PNAME, PDESC, PSIZE, UOM, AISLE, LIVE) values (4, 'Veal - Brisket, Provimi,bnls', 'Calaloo', 47, 'LENGTH', 33, true);
insert into Products (PID, PNAME, PDESC, PSIZE, UOM, AISLE, LIVE) values (5, 'Pork Loin Bine - In Frenched', 'Bread - Rolls, Rye', 22, 'AREA', 87, true);
insert into Products (PID, PNAME, PDESC, PSIZE, UOM, AISLE, LIVE) values (6, 'Flour - All Purpose', 'Ocean Spray - Ruby Red', 5, 'KG', 40, true);
insert into Products (PID, PNAME, PDESC, PSIZE, UOM, AISLE, LIVE) values (7, 'Quail - Jumbo', 'Gin - Gilbeys London, Dry', 34, 'LITRE', 49, false);
insert into Products (PID, PNAME, PDESC, PSIZE, UOM, AISLE, LIVE) values (8, 'Cookie Chocolate Chip With', 'Cookies - Oreo, 4 Pack', 90, 'KG', 57, false);
insert into Products (PID, PNAME, PDESC, PSIZE, UOM, AISLE, LIVE) values (9, 'Mushroom - Morels, Dry', 'Crab - Claws, 26 - 30', 39, 'LENGTH', 97, true);
insert into Products (PID, PNAME, PDESC, PSIZE, UOM, AISLE, LIVE) values (10, 'Bread - Roll, Whole Wheat', 'Juice - Orange, Concentrate', 82, 'KG', 52, true);
insert into Products (PID, PNAME, PDESC, PSIZE, UOM, AISLE, LIVE) values (11, 'Tart Shells - Sweet, 3', 'Mint - Fresh', 78, 'LENGTH', 15, false);
insert into Products (PID, PNAME, PDESC, PSIZE, UOM, AISLE, LIVE) values (12, 'Cheese Cheddar Processed', 'Nantucket - Orange Mango Cktl', 72, 'KG', 81, true);
insert into Products (PID, PNAME, PDESC, PSIZE, UOM, AISLE, LIVE) values (13, 'Icecream - Dstk Cml And Fdg', 'Tortillas - Flour, 12', 53, 'LITRE', 5, true);
insert into Products (PID, PNAME, PDESC, PSIZE, UOM, AISLE, LIVE) values (14, 'Table Cloth 120 Round White', 'Squid - Tubes / Tenticles 10/20', 72, 'AREA', 95, true);
insert into Products (PID, PNAME, PDESC, PSIZE, UOM, AISLE, LIVE) values (15, 'Trout - Rainbow, Fresh', 'Clam Nectar', 60, 'LITRE', 31, true);
insert into Products (PID, PNAME, PDESC, PSIZE, UOM, AISLE, LIVE) values (16, 'Cleaner - Bleach', 'Lettuce - Frisee', 10, 'KG', 46, false);
insert into Products (PID, PNAME, PDESC, PSIZE, UOM, AISLE, LIVE) values (17, 'Tea - Darjeeling, Azzura', 'Flour Pastry Super Fine', 24, 'LITRE', 83, false);
insert into Products (PID, PNAME, PDESC, PSIZE, UOM, AISLE, LIVE) values (18, 'Radish', 'Energy Drink - Franks Original', 54, 'LITRE', 88, false);
insert into Products (PID, PNAME, PDESC, PSIZE, UOM, AISLE, LIVE) values (19, 'Turkey - Breast, Smoked', 'Juice - Orange, Concentrate', 37, 'LITRE', 55, false);
insert into Products (PID, PNAME, PDESC, PSIZE, UOM, AISLE, LIVE) values (20, 'Hickory Smoke, Liquid', 'Corn Kernels - Frozen', 52, 'LENGTH', 16, false);
insert into Products (PID, PNAME, PDESC, PSIZE, UOM, AISLE, LIVE) values (21, 'Bread - Flat Bread', 'Chinese Foods - Thick Noodles', 88, 'LITRE', 23, true);
insert into Products (PID, PNAME, PDESC, PSIZE, UOM, AISLE, LIVE) values (22, 'Wine - Mas Chicet Rose, Vintage', 'Bread - Raisin Walnut Oval', 14, 'KG', 90, false);
insert into Products (PID, PNAME, PDESC, PSIZE, UOM, AISLE, LIVE) values (23, 'Laundry - Bag Cloth', 'Chips - Assorted', 28, 'AREA', 10, true);
insert into Products (PID, PNAME, PDESC, PSIZE, UOM, AISLE, LIVE) values (24, 'Sunflower Seed Raw', 'Sping Loaded Cup Dispenser', 57, 'AREA', 35, false);
insert into Products (PID, PNAME, PDESC, PSIZE, UOM, AISLE, LIVE) values (25, 'Sauce - Alfredo', 'Milk - Skim', 32, 'KG', 8, true);
insert into Products (PID, PNAME, PDESC, PSIZE, UOM, AISLE, LIVE) values (26, 'Fish - Scallops, Cold Smoked', 'Cheese - Swiss Sliced', 51, 'AREA', 80, false);
insert into Products (PID, PNAME, PDESC, PSIZE, UOM, AISLE, LIVE) values (27, 'Bread - Rosemary Focaccia', 'Banana Turning', 44, 'KG', 19, true);
insert into Products (PID, PNAME, PDESC, PSIZE, UOM, AISLE, LIVE) values (28, 'Lamb - Ground', 'Mudslide', 32, 'LITRE', 29, true);
insert into Products (PID, PNAME, PDESC, PSIZE, UOM, AISLE, LIVE) values (29, 'Juice - Pineapple, 341 Ml', 'Pasta - Tortellini, Fresh', 9, 'LITRE', 11, false);
insert into Products (PID, PNAME, PDESC, PSIZE, UOM, AISLE, LIVE) values (30, 'Chips - Assorted', 'Pepper - Chilli Seeds Mild', 10, 'LITRE', 45, true);
insert into Products (PID, PNAME, PDESC, PSIZE, UOM, AISLE, LIVE) values (31, 'Cream - 35%', 'Lime Cordial - Roses', 61, 'LITRE', 99, false);
insert into Products (PID, PNAME, PDESC, PSIZE, UOM, AISLE, LIVE) values (32, 'Halibut - Steaks', 'Sorrel - Fresh', 25, 'LENGTH', 51, true);
insert into Products (PID, PNAME, PDESC, PSIZE, UOM, AISLE, LIVE) values (33, 'Veal - Brisket, Provimi,bnls', 'Goldschalger', 84, 'KG', 8, true);
insert into Products (PID, PNAME, PDESC, PSIZE, UOM, AISLE, LIVE) values (34, 'Schnappes - Peach, Walkers', 'Flour - Fast / Rapid', 48, 'LITRE', 47, false);
insert into Products (PID, PNAME, PDESC, PSIZE, UOM, AISLE, LIVE) values (35, 'Bread Foccacia Whole', 'Lemons', 81, 'LENGTH', 14, false);
insert into Products (PID, PNAME, PDESC, PSIZE, UOM, AISLE, LIVE) values (36, 'Vinegar - Balsamic, White', 'Pork - Chop, Frenched', 68, 'AREA', 31, false);
insert into Products (PID, PNAME, PDESC, PSIZE, UOM, AISLE, LIVE) values (37, 'Tuna - Yellowfin', 'Foil - Round Foil', 70, 'AREA', 5, true);
insert into Products (PID, PNAME, PDESC, PSIZE, UOM, AISLE, LIVE) values (38, 'Wine - Taylors Reserve', 'Swordfish Loin Portions', 11, 'LENGTH', 14, true);
insert into Products (PID, PNAME, PDESC, PSIZE, UOM, AISLE, LIVE) values (39, 'Ham - Cooked', 'Lettuce - Arugula', 14, 'LITRE', 14, true);
insert into Products (PID, PNAME, PDESC, PSIZE, UOM, AISLE, LIVE) values (40, 'Flour - So Mix Cake White', 'Containter - 3oz Microwave Rect.', 3, 'LITRE', 98, true);
insert into Products (PID, PNAME, PDESC, PSIZE, UOM, AISLE, LIVE) values (41, 'Bread - 10 Grain', 'V8 Splash Strawberry Banana', 44, 'LITRE', 38, true);
insert into Products (PID, PNAME, PDESC, PSIZE, UOM, AISLE, LIVE) values (42, 'Tofu - Soft', 'Bowl 12 Oz - Showcase 92012', 35, 'LITRE', 64, false);
insert into Products (PID, PNAME, PDESC, PSIZE, UOM, AISLE, LIVE) values (43, 'Lidsoupcont Rp12dn', 'Chocolate - Semi Sweet', 21, 'LENGTH', 37, true);
insert into Products (PID, PNAME, PDESC, PSIZE, UOM, AISLE, LIVE) values (44, 'Steel Wool', 'Plasticknivesblack', 3, 'LITRE', 80, true);
insert into Products (PID, PNAME, PDESC, PSIZE, UOM, AISLE, LIVE) values (45, 'Pastry - Choclate Baked', 'Lettuce - Green Leaf', 42, 'LITRE', 89, false);
insert into Products (PID, PNAME, PDESC, PSIZE, UOM, AISLE, LIVE) values (46, 'Roe - Flying Fish', 'Juice - Apple, 341 Ml', 54, 'KG', 58, true);
insert into Products (PID, PNAME, PDESC, PSIZE, UOM, AISLE, LIVE) values (47, 'Bouillion - Fish', 'Sauce - Plum', 50, 'LENGTH', 28, true);
insert into Products (PID, PNAME, PDESC, PSIZE, UOM, AISLE, LIVE) values (48, 'Bread - Raisin Walnut Pull', 'Tomato Paste', 60, 'LITRE', 47, true);
insert into Products (PID, PNAME, PDESC, PSIZE, UOM, AISLE, LIVE) values (49, 'Anchovy In Oil', 'Straws - Cocktale', 90, 'LITRE', 71, false);
insert into Products (PID, PNAME, PDESC, PSIZE, UOM, AISLE, LIVE) values (50, 'Towel Multifold', 'Beef - Montreal Smoked Brisket', 30, 'LENGTH', 52, true);
insert into Products (PID, PNAME, PDESC, PSIZE, UOM, AISLE, LIVE) values (51, 'Wine - Magnotta - Cab Franc', 'Island Oasis - Cappucino Mix', 55, 'KG', 15, true);
insert into Products (PID, PNAME, PDESC, PSIZE, UOM, AISLE, LIVE) values (52, 'Nut - Pecan, Halves', 'Pimento - Canned', 63, 'AREA', 81, false);
insert into Products (PID, PNAME, PDESC, PSIZE, UOM, AISLE, LIVE) values (53, 'Steamers White', 'Lobster - Cooked', 69, 'KG', 73, true);
insert into Products (PID, PNAME, PDESC, PSIZE, UOM, AISLE, LIVE) values (54, 'Cumin - Ground', 'Pepper - White, Whole', 26, 'LENGTH', 24, false);
insert into Products (PID, PNAME, PDESC, PSIZE, UOM, AISLE, LIVE) values (55, 'Mix - Cappucino Cocktail', 'Bread - Crumbs, Bulk', 3, 'AREA', 62, true);
insert into Products (PID, PNAME, PDESC, PSIZE, UOM, AISLE, LIVE) values (56, 'Cheese - Pont Couvert', 'Fish - Base, Bouillion', 11, 'LITRE', 58, true);
insert into Products (PID, PNAME, PDESC, PSIZE, UOM, AISLE, LIVE) values (57, 'Bar Mix - Pina Colada, 355 Ml', 'Venison - Denver Leg Boneless', 93, 'KG', 37, true);
insert into Products (PID, PNAME, PDESC, PSIZE, UOM, AISLE, LIVE) values (58, 'Paper Cocktail Umberlla 80 - 180', 'Crackers - Soda / Saltins', 2, 'AREA', 59, true);
insert into Products (PID, PNAME, PDESC, PSIZE, UOM, AISLE, LIVE) values (59, 'Chicken - White Meat, No Tender', 'Chocolate Eclairs', 57, 'KG', 33, false);
insert into Products (PID, PNAME, PDESC, PSIZE, UOM, AISLE, LIVE) values (60, 'Aspic - Clear', 'Cheese - Blue', 77, 'AREA', 36, true);
insert into Products (PID, PNAME, PDESC, PSIZE, UOM, AISLE, LIVE) values (61, 'Pesto - Primerba, Paste', 'Okra', 85, 'AREA', 71, false);
insert into Products (PID, PNAME, PDESC, PSIZE, UOM, AISLE, LIVE) values (62, 'Wine - Tio Pepe Sherry Fino', 'Lotus Rootlets - Canned', 47, 'LITRE', 15, true);
insert into Products (PID, PNAME, PDESC, PSIZE, UOM, AISLE, LIVE) values (63, 'Onions - White', 'Plate Foam Laminated 9in Blk', 45, 'KG', 18, false);
insert into Products (PID, PNAME, PDESC, PSIZE, UOM, AISLE, LIVE) values (64, 'Tomatoes - Hot House', 'Puree - Passion Fruit', 17, 'LITRE', 28, false);
insert into Products (PID, PNAME, PDESC, PSIZE, UOM, AISLE, LIVE) values (65, 'Cookie Dough - Peanut Butter', 'Oil - Margarine', 39, 'KG', 95, false);
insert into Products (PID, PNAME, PDESC, PSIZE, UOM, AISLE, LIVE) values (66, 'Bread - Bistro Sour', 'Vermouth - White, Cinzano', 41, 'KG', 57, false);
insert into Products (PID, PNAME, PDESC, PSIZE, UOM, AISLE, LIVE) values (67, 'Hersey Shakes', 'Calypso - Black Cherry Lemonade', 79, 'LENGTH', 75, true);
insert into Products (PID, PNAME, PDESC, PSIZE, UOM, AISLE, LIVE) values (68, 'Daves Island Stinger', 'Pineapple - Regular', 84, 'LENGTH', 17, true);
insert into Products (PID, PNAME, PDESC, PSIZE, UOM, AISLE, LIVE) values (69, 'Cake Slab', 'Beef - Short Ribs', 87, 'KG', 10, true);
insert into Products (PID, PNAME, PDESC, PSIZE, UOM, AISLE, LIVE) values (70, 'Milk Powder', 'Table Cloth 54x72 White', 72, 'KG', 49, false);
insert into Products (PID, PNAME, PDESC, PSIZE, UOM, AISLE, LIVE) values (71, 'Lighter - Bbq', 'Grenadine', 58, 'AREA', 5, true);
insert into Products (PID, PNAME, PDESC, PSIZE, UOM, AISLE, LIVE) values (72, 'Veal - Knuckle', 'Lamb - Loin, Trimmed, Boneless', 72, 'AREA', 17, false);
insert into Products (PID, PNAME, PDESC, PSIZE, UOM, AISLE, LIVE) values (73, 'Lemon Grass', 'Cheese Cloth No 100', 88, 'LENGTH', 86, true);
insert into Products (PID, PNAME, PDESC, PSIZE, UOM, AISLE, LIVE) values (74, 'Cleaner - Lime Away', 'Wine - Ice Wine', 45, 'KG', 83, false);
insert into Products (PID, PNAME, PDESC, PSIZE, UOM, AISLE, LIVE) values (75, 'Oil - Hazelnut', 'Lotus Root', 35, 'LENGTH', 46, false);
insert into Products (PID, PNAME, PDESC, PSIZE, UOM, AISLE, LIVE) values (76, 'Lamb Tenderloin Nz Fr', 'Wine - Montecillo Rioja Crianza', 55, 'KG', 60, false);
insert into Products (PID, PNAME, PDESC, PSIZE, UOM, AISLE, LIVE) values (77, 'Dip - Tapenade', 'Syrup - Kahlua Chocolate', 93, 'LENGTH', 14, true);
insert into Products (PID, PNAME, PDESC, PSIZE, UOM, AISLE, LIVE) values (78, 'Cheese - Ermite Bleu', 'Corn Meal', 74, 'LENGTH', 46, true);
insert into Products (PID, PNAME, PDESC, PSIZE, UOM, AISLE, LIVE) values (79, 'Hot Choc Vending', 'Flour - Strong Pizza', 43, 'LENGTH', 22, false);
insert into Products (PID, PNAME, PDESC, PSIZE, UOM, AISLE, LIVE) values (80, 'Sugar - Cubes', 'Shrimp - Black Tiger 8 - 12', 9, 'AREA', 95, false);
insert into Products (PID, PNAME, PDESC, PSIZE, UOM, AISLE, LIVE) values (81, 'Mushroom - King Eryingii', 'Sauce - Vodka Blush', 57, 'LENGTH', 24, false);
insert into Products (PID, PNAME, PDESC, PSIZE, UOM, AISLE, LIVE) values (82, 'Cake Slab', 'Milk - Buttermilk', 37, 'LITRE', 35, false);
insert into Products (PID, PNAME, PDESC, PSIZE, UOM, AISLE, LIVE) values (83, 'Bread Fig And Almond', 'Pan Grease', 99, 'KG', 16, true);
insert into Products (PID, PNAME, PDESC, PSIZE, UOM, AISLE, LIVE) values (84, 'Sauce - Gravy, Au Jus, Mix', 'Wine - White, Concha Y Toro', 100, 'KG', 59, false);
insert into Products (PID, PNAME, PDESC, PSIZE, UOM, AISLE, LIVE) values (85, 'Veal - Nuckle', 'Squid - Breaded', 7, 'AREA', 95, true);
insert into Products (PID, PNAME, PDESC, PSIZE, UOM, AISLE, LIVE) values (86, 'Pepsi, 355 Ml', 'Wine - Rubyport', 49, 'LITRE', 34, true);
insert into Products (PID, PNAME, PDESC, PSIZE, UOM, AISLE, LIVE) values (87, 'Rabbit - Saddles', 'Appetizer - Shrimp Puff', 16, 'LENGTH', 5, true);
insert into Products (PID, PNAME, PDESC, PSIZE, UOM, AISLE, LIVE) values (88, 'Bay Leaf Ground', 'Tuna - Yellowfin', 46, 'AREA', 52, true);
insert into Products (PID, PNAME, PDESC, PSIZE, UOM, AISLE, LIVE) values (89, 'Soup - Campbells - Tomato', 'Table Cloth - 53x69 Colour', 73, 'LITRE', 72, false);
insert into Products (PID, PNAME, PDESC, PSIZE, UOM, AISLE, LIVE) values (90, 'Container - Hngd Cll Blk 7x7x3', 'Wine - Magnotta - Belpaese', 11, 'KG', 98, false);
insert into Products (PID, PNAME, PDESC, PSIZE, UOM, AISLE, LIVE) values (91, 'Pasta - Tortellini, Fresh', 'Smoked Tongue', 76, 'KG', 85, false);
insert into Products (PID, PNAME, PDESC, PSIZE, UOM, AISLE, LIVE) values (92, 'Butter Balls Salted', 'Red Currants', 22, 'KG', 78, false);
insert into Products (PID, PNAME, PDESC, PSIZE, UOM, AISLE, LIVE) values (93, 'Venison - Liver', 'Plasticknivesblack', 94, 'LITRE', 84, false);
insert into Products (PID, PNAME, PDESC, PSIZE, UOM, AISLE, LIVE) values (94, 'Tumeric', 'Sole - Dover, Whole, Fresh', 22, 'LITRE', 21, true);
insert into Products (PID, PNAME, PDESC, PSIZE, UOM, AISLE, LIVE) values (95, 'Rosemary - Fresh', 'Tart Shells - Sweet, 2', 5, 'LITRE', 46, true);
insert into Products (PID, PNAME, PDESC, PSIZE, UOM, AISLE, LIVE) values (96, 'Sponge Cake Mix - Vanilla', 'Soup Bowl Clear 8oz92008', 23, 'AREA', 43, true);
insert into Products (PID, PNAME, PDESC, PSIZE, UOM, AISLE, LIVE) values (97, 'Salmon Steak - Cohoe 8 Oz', 'Chinese Lemon Pork', 62, 'LITRE', 57, true);
insert into Products (PID, PNAME, PDESC, PSIZE, UOM, AISLE, LIVE) values (98, 'Flour - Teff', 'Scallops 60/80 Iqf', 42, 'LITRE', 28, false);
insert into Products (PID, PNAME, PDESC, PSIZE, UOM, AISLE, LIVE) values (99, 'Sprite, Diet - 355ml', 'Rum - White, Gg White', 17, 'LENGTH', 16, true);
insert into Products (PID, PNAME, PDESC, PSIZE, UOM, AISLE, LIVE) values (100, 'Asparagus - Mexican', 'Pork - Kidney', 86, 'KG', 84, false);

insert into Staff (SID, BID, SFN, SLN, SAD, SEM, SMN, SAGE) values (1, 60, 'Jacquenette', 'Pluvier', '23643 Ruskin Road', 'jpluvier0@prweb.com', 72527812541, 36);
insert into Staff (SID, BID, SFN, SLN, SAD, SEM, SMN, SAGE) values (2, 48, 'Gaby', 'Semble', '9695 Waywood Lane', 'gsemble1@mashable.com', 74217565823, 69);
insert into Staff (SID, BID, SFN, SLN, SAD, SEM, SMN, SAGE) values (3, 36, 'Giovanni', 'Collcott', '02356 Maryland Street', 'gcollcott2@cnbc.com', 71151973412, 65);
insert into Staff (SID, BID, SFN, SLN, SAD, SEM, SMN, SAGE) values (4, 70, 'Janelle', 'Soar', '5694 Carioca Crossing', 'jsoar3@so-net.ne.jp', 76315158707, 36);
insert into Staff (SID, BID, SFN, SLN, SAD, SEM, SMN, SAGE) values (5, 71, 'Brena', 'Rainer', '07 Kenwood Center', 'brainer4@nytimes.com', 75340030861, 90);
insert into Staff (SID, BID, SFN, SLN, SAD, SEM, SMN, SAGE) values (6, 11, 'Saree', 'Ilyinykh', '940 Drewry Pass', 'silyinykh5@acquirethisname.com', 74649795141, 6);
insert into Staff (SID, BID, SFN, SLN, SAD, SEM, SMN, SAGE) values (7, 92, 'Onofredo', 'Millington', '96 Southridge Place', 'omillington6@360.cn', 71835142348, 66);
insert into Staff (SID, BID, SFN, SLN, SAD, SEM, SMN, SAGE) values (8, 43, 'Mohandis', 'Maywood', '09024 East Point', 'mmaywood7@cbc.ca', 72733420620, 45);
insert into Staff (SID, BID, SFN, SLN, SAD, SEM, SMN, SAGE) values (9, 62, 'Germain', 'Brotherton', '299 Meadow Valley Street', 'gbrotherton8@edublogs.org', 72912458154, 58);
insert into Staff (SID, BID, SFN, SLN, SAD, SEM, SMN, SAGE) values (10, 85, 'Margalit', 'Hutfield', '83214 Dapin Pass', 'mhutfield9@umich.edu', 73187398273, 27);
insert into Staff (SID, BID, SFN, SLN, SAD, SEM, SMN, SAGE) values (11, 54, 'Simonne', 'Scamal', '1976 School Point', 'sscamala@blogs.com', 75258950159, 3);
insert into Staff (SID, BID, SFN, SLN, SAD, SEM, SMN, SAGE) values (12, 47, 'Solly', 'Matusov', '78302 Buell Place', 'smatusovb@tamu.edu', 76753061917, 59);
insert into Staff (SID, BID, SFN, SLN, SAD, SEM, SMN, SAGE) values (13, 88, 'Kailey', 'Benne', '270 Brickson Park Street', 'kbennec@ft.com', 75361145281, 93);
insert into Staff (SID, BID, SFN, SLN, SAD, SEM, SMN, SAGE) values (14, 7, 'Fonzie', 'Epple', '00 Brown Circle', 'feppled@jimdo.com', 73763141487, 97);
insert into Staff (SID, BID, SFN, SLN, SAD, SEM, SMN, SAGE) values (15, 99, 'Arlinda', 'Sandland', '0581 Springs Terrace', 'asandlande@fema.gov', 73456542437, 69);
insert into Staff (SID, BID, SFN, SLN, SAD, SEM, SMN, SAGE) values (16, 90, 'Riordan', 'Lindenbaum', '20477 Sunfield Alley', 'rlindenbaumf@a8.net', 79482691414, 11);
insert into Staff (SID, BID, SFN, SLN, SAD, SEM, SMN, SAGE) values (17, 57, 'Hastie', 'Gawthrop', '6 Hovde Avenue', 'hgawthropg@woothemes.com', 73126889488, 89);
insert into Staff (SID, BID, SFN, SLN, SAD, SEM, SMN, SAGE) values (18, 16, 'Ricca', 'Skouling', '46 Hovde Circle', 'rskoulingh@ifeng.com', 72505145686, 100);
insert into Staff (SID, BID, SFN, SLN, SAD, SEM, SMN, SAGE) values (19, 56, 'Saleem', 'Lambrecht', '38 Weeping Birch Way', 'slambrechti@ocn.ne.jp', 71428748327, 16);
insert into Staff (SID, BID, SFN, SLN, SAD, SEM, SMN, SAGE) values (20, 82, 'Nanice', 'Demageard', '64 Manitowish Park', 'ndemageardj@macromedia.com', 74917401390, 3);
insert into Staff (SID, BID, SFN, SLN, SAD, SEM, SMN, SAGE) values (21, 43, 'Laney', 'Toft', '93383 Lakeland Drive', 'ltoftk@samsung.com', 77385948838, 56);
insert into Staff (SID, BID, SFN, SLN, SAD, SEM, SMN, SAGE) values (22, 20, 'Merna', 'Borres', '6 Rigney Lane', 'mborresl@sfgate.com', 77512977458, 99);
insert into Staff (SID, BID, SFN, SLN, SAD, SEM, SMN, SAGE) values (23, 29, 'Inigo', 'Cowill', '73861 Ronald Regan Junction', 'icowillm@purevolume.com', 74003810171, 23);
insert into Staff (SID, BID, SFN, SLN, SAD, SEM, SMN, SAGE) values (24, 53, 'Ettore', 'Lacroutz', '8828 Main Crossing', 'elacroutzn@wisc.edu', 70374845581, 100);
insert into Staff (SID, BID, SFN, SLN, SAD, SEM, SMN, SAGE) values (25, 66, 'Vi', 'Chad', '57535 Kedzie Parkway', 'vchado@europa.eu', 76615702678, 18);
insert into Staff (SID, BID, SFN, SLN, SAD, SEM, SMN, SAGE) values (26, 51, 'Grant', 'Roggers', '36 Namekagon Pass', 'groggersp@cloudflare.com', 72700476796, 26);
insert into Staff (SID, BID, SFN, SLN, SAD, SEM, SMN, SAGE) values (27, 95, 'Flint', 'Blackaller', '79 Muir Avenue', 'fblackallerq@microsoft.com', 76740680631, 54);
insert into Staff (SID, BID, SFN, SLN, SAD, SEM, SMN, SAGE) values (28, 78, 'Windham', 'Kenwood', '6519 Mandrake Junction', 'wkenwoodr@webnode.com', 77063318858, 75);
insert into Staff (SID, BID, SFN, SLN, SAD, SEM, SMN, SAGE) values (29, 22, 'Virginia', 'Buchanan', '424 Donald Way', 'vbuchanans@last.fm', 77900655281, 38);
insert into Staff (SID, BID, SFN, SLN, SAD, SEM, SMN, SAGE) values (30, 68, 'Roselin', 'Chess', '243 Kropf Place', 'rchesst@bizjournals.com', 78719054169, 50);
insert into Staff (SID, BID, SFN, SLN, SAD, SEM, SMN, SAGE) values (31, 91, 'Pepi', 'Heathcote', '1876 7th Plaza', 'pheathcoteu@simplemachines.org', 71260454493, 15);
insert into Staff (SID, BID, SFN, SLN, SAD, SEM, SMN, SAGE) values (32, 93, 'Janette', 'Dimmick', '009 Loomis Circle', 'jdimmickv@hao123.com', 77176993135, 91);
insert into Staff (SID, BID, SFN, SLN, SAD, SEM, SMN, SAGE) values (33, 92, 'Lazare', 'Denslow', '06 Novick Road', 'ldensloww@ca.gov', 77521297992, 21);
insert into Staff (SID, BID, SFN, SLN, SAD, SEM, SMN, SAGE) values (34, 29, 'Durante', 'Creffeild', '59256 Morning Hill', 'dcreffeildx@diigo.com', 77355130747, 45);
insert into Staff (SID, BID, SFN, SLN, SAD, SEM, SMN, SAGE) values (35, 5, 'Rubie', 'Zannotti', '01 Ridge Oak Way', 'rzannottiy@woothemes.com', 79796143427, 77);
insert into Staff (SID, BID, SFN, SLN, SAD, SEM, SMN, SAGE) values (36, 52, 'Bryce', 'McKennan', '0541 Saint Paul Avenue', 'bmckennanz@tinypic.com', 79315245437, 75);
insert into Staff (SID, BID, SFN, SLN, SAD, SEM, SMN, SAGE) values (37, 48, 'Aretha', 'Crollman', '30 Golf View Alley', 'acrollman10@technorati.com', 79811035086, 31);
insert into Staff (SID, BID, SFN, SLN, SAD, SEM, SMN, SAGE) values (38, 1, 'Mohandis', 'Elcum', '98817 Armistice Way', 'melcum11@cdbaby.com', 73264751460, 78);
insert into Staff (SID, BID, SFN, SLN, SAD, SEM, SMN, SAGE) values (39, 35, 'Sisile', 'D''Oyly', '227 Clarendon Crossing', 'sdoyly12@hubpages.com', 74755955043, 13);
insert into Staff (SID, BID, SFN, SLN, SAD, SEM, SMN, SAGE) values (40, 26, 'Moyna', 'McCarthy', '11463 Grover Park', 'mmccarthy13@yandex.ru', 75300254207, 52);
insert into Staff (SID, BID, SFN, SLN, SAD, SEM, SMN, SAGE) values (41, 15, 'Parnell', 'Botright', '6239 Clove Place', 'pbotright14@ucoz.com', 77603367742, 1);
insert into Staff (SID, BID, SFN, SLN, SAD, SEM, SMN, SAGE) values (42, 2, 'Lizette', 'Litherborough', '019 Drewry Avenue', 'llitherborough15@unc.edu', 71421296754, 33);
insert into Staff (SID, BID, SFN, SLN, SAD, SEM, SMN, SAGE) values (43, 6, 'Ruben', 'Emerton', '20197 Mayfield Park', 'remerton16@over-blog.com', 72607896275, 35);
insert into Staff (SID, BID, SFN, SLN, SAD, SEM, SMN, SAGE) values (44, 18, 'Wayne', 'Pealing', '083 Bultman Junction', 'wpealing17@smh.com.au', 77568051174, 24);
insert into Staff (SID, BID, SFN, SLN, SAD, SEM, SMN, SAGE) values (45, 14, 'Hart', 'Philip', '21221 Onsgard Court', 'hphilip18@skyrock.com', 71681734618, 72);
insert into Staff (SID, BID, SFN, SLN, SAD, SEM, SMN, SAGE) values (46, 12, 'Brose', 'Ingerith', '986 Muir Way', 'bingerith19@yandex.ru', 72675014095, 89);
insert into Staff (SID, BID, SFN, SLN, SAD, SEM, SMN, SAGE) values (47, 60, 'Robert', 'Lorenzin', '52353 Dryden Trail', 'rlorenzin1a@studiopress.com', 70752435586, 52);
insert into Staff (SID, BID, SFN, SLN, SAD, SEM, SMN, SAGE) values (48, 37, 'Sabine', 'Seed', '902 Becker Crossing', 'sseed1b@jugem.jp', 72055313282, 1);
insert into Staff (SID, BID, SFN, SLN, SAD, SEM, SMN, SAGE) values (49, 44, 'Jessalyn', 'Adiscot', '23600 Dorton Court', 'jadiscot1c@ocn.ne.jp', 74192263358, 21);
insert into Staff (SID, BID, SFN, SLN, SAD, SEM, SMN, SAGE) values (50, 5, 'Jarvis', 'Cattenach', '39377 Village Green Parkway', 'jcattenach1d@4shared.com', 77162298398, 57);
insert into Staff (SID, BID, SFN, SLN, SAD, SEM, SMN, SAGE) values (51, 33, 'Alvy', 'Fildes', '564 High Crossing Drive', 'afildes1e@unc.edu', 71069247556, 78);
insert into Staff (SID, BID, SFN, SLN, SAD, SEM, SMN, SAGE) values (52, 84, 'Grete', 'Kayley', '0 Cottonwood Parkway', 'gkayley1f@example.com', 74584306516, 29);
insert into Staff (SID, BID, SFN, SLN, SAD, SEM, SMN, SAGE) values (53, 33, 'Diandra', 'Arent', '70 Comanche Point', 'darent1g@epa.gov', 71042436095, 11);
insert into Staff (SID, BID, SFN, SLN, SAD, SEM, SMN, SAGE) values (54, 15, 'Bronny', 'Boreland', '485 Mendota Pass', 'bboreland1h@baidu.com', 74435011367, 4);
insert into Staff (SID, BID, SFN, SLN, SAD, SEM, SMN, SAGE) values (55, 48, 'Garnet', 'Gomby', '0 Redwing Crossing', 'ggomby1i@amazon.com', 71116857491, 11);
insert into Staff (SID, BID, SFN, SLN, SAD, SEM, SMN, SAGE) values (56, 37, 'Annie', 'Edeson', '3 Namekagon Circle', 'aedeson1j@scribd.com', 70473448650, 60);
insert into Staff (SID, BID, SFN, SLN, SAD, SEM, SMN, SAGE) values (57, 25, 'Amandie', 'Adie', '17077 Canary Point', 'aadie1k@google.com', 79487291305, 2);
insert into Staff (SID, BID, SFN, SLN, SAD, SEM, SMN, SAGE) values (58, 36, 'Sol', 'Roumier', '94236 Iowa Trail', 'sroumier1l@imgur.com', 73438309491, 52);
insert into Staff (SID, BID, SFN, SLN, SAD, SEM, SMN, SAGE) values (59, 70, 'Brynna', 'Strowther', '7578 Crowley Road', 'bstrowther1m@tamu.edu', 76313649032, 43);
insert into Staff (SID, BID, SFN, SLN, SAD, SEM, SMN, SAGE) values (60, 85, 'Caron', 'Goggen', '67 Del Mar Park', 'cgoggen1n@blogs.com', 78182817718, 46);
insert into Staff (SID, BID, SFN, SLN, SAD, SEM, SMN, SAGE) values (61, 42, 'Elbertine', 'Seneschal', '01 Orin Center', 'eseneschal1o@gov.uk', 70171478535, 32);
insert into Staff (SID, BID, SFN, SLN, SAD, SEM, SMN, SAGE) values (62, 32, 'Way', 'Purkess', '14 Butternut Circle', 'wpurkess1p@washington.edu', 77143678585, 66);
insert into Staff (SID, BID, SFN, SLN, SAD, SEM, SMN, SAGE) values (63, 78, 'Liza', 'Arckoll', '3612 Blackbird Center', 'larckoll1q@seattletimes.com', 76242498220, 73);
insert into Staff (SID, BID, SFN, SLN, SAD, SEM, SMN, SAGE) values (64, 43, 'Lemmy', 'Annandale', '787 Mcbride Alley', 'lannandale1r@soundcloud.com', 78182212391, 87);
insert into Staff (SID, BID, SFN, SLN, SAD, SEM, SMN, SAGE) values (65, 70, 'Sharona', 'Paskerful', '1 Bluejay Circle', 'spaskerful1s@google.com.au', 73495959131, 24);
insert into Staff (SID, BID, SFN, SLN, SAD, SEM, SMN, SAGE) values (66, 91, 'Delora', 'Lincke', '9 Knutson Junction', 'dlincke1t@webmd.com', 75684761113, 60);
insert into Staff (SID, BID, SFN, SLN, SAD, SEM, SMN, SAGE) values (67, 23, 'Rodney', 'Stoke', '44240 Eastwood Avenue', 'rstoke1u@odnoklassniki.ru', 71944364755, 53);
insert into Staff (SID, BID, SFN, SLN, SAD, SEM, SMN, SAGE) values (68, 79, 'Osmund', 'Spradbrow', '99611 Messerschmidt Pass', 'ospradbrow1v@deliciousdays.com', 78133109574, 91);
insert into Staff (SID, BID, SFN, SLN, SAD, SEM, SMN, SAGE) values (69, 61, 'Aldon', 'Shankle', '17160 Pepper Wood Center', 'ashankle1w@theatlantic.com', 77246392507, 58);
insert into Staff (SID, BID, SFN, SLN, SAD, SEM, SMN, SAGE) values (70, 5, 'Krissie', 'Purse', '0 Merrick Court', 'kpurse1x@google.ca', 70888286035, 39);
insert into Staff (SID, BID, SFN, SLN, SAD, SEM, SMN, SAGE) values (71, 8, 'Lizzie', 'Cantor', '20 Towne Hill', 'lcantor1y@instagram.com', 70664802737, 86);
insert into Staff (SID, BID, SFN, SLN, SAD, SEM, SMN, SAGE) values (72, 45, 'Ruthi', 'Huggon', '14 Lien Drive', 'rhuggon1z@auda.org.au', 70769125187, 88);
insert into Staff (SID, BID, SFN, SLN, SAD, SEM, SMN, SAGE) values (73, 64, 'Terrijo', 'Mapletoft', '27 West Circle', 'tmapletoft20@wp.com', 74375735845, 20);
insert into Staff (SID, BID, SFN, SLN, SAD, SEM, SMN, SAGE) values (74, 76, 'Vasily', 'Geram', '07424 Mockingbird Place', 'vgeram21@meetup.com', 71999355119, 81);
insert into Staff (SID, BID, SFN, SLN, SAD, SEM, SMN, SAGE) values (75, 42, 'Jade', 'MacCumeskey', '252 Dakota Parkway', 'jmaccumeskey22@privacy.gov.au', 73834927818, 95);
insert into Staff (SID, BID, SFN, SLN, SAD, SEM, SMN, SAGE) values (76, 72, 'Aloysia', 'Gebuhr', '54429 Fallview Crossing', 'agebuhr23@cafepress.com', 74945053669, 27);
insert into Staff (SID, BID, SFN, SLN, SAD, SEM, SMN, SAGE) values (77, 64, 'Gregorius', 'Kristoffersen', '3303 Hagan Crossing', 'gkristoffersen24@phoca.cz', 76246076859, 68);
insert into Staff (SID, BID, SFN, SLN, SAD, SEM, SMN, SAGE) values (78, 94, 'Mariquilla', 'Attard', '317 Westridge Court', 'mattard25@webs.com', 78328170578, 55);
insert into Staff (SID, BID, SFN, SLN, SAD, SEM, SMN, SAGE) values (79, 87, 'Stephan', 'Ojeda', '4951 Mayer Junction', 'sojeda26@desdev.cn', 77991206396, 64);
insert into Staff (SID, BID, SFN, SLN, SAD, SEM, SMN, SAGE) values (80, 91, 'Michal', 'Landells', '5 Hovde Lane', 'mlandells27@pinterest.com', 79291080296, 43);
insert into Staff (SID, BID, SFN, SLN, SAD, SEM, SMN, SAGE) values (81, 93, 'Frederigo', 'Riden', '4084 Eliot Alley', 'friden28@independent.co.uk', 79980216416, 40);
insert into Staff (SID, BID, SFN, SLN, SAD, SEM, SMN, SAGE) values (82, 50, 'Norma', 'Sherar', '476 Colorado Circle', 'nsherar29@china.com.cn', 77899998188, 31);
insert into Staff (SID, BID, SFN, SLN, SAD, SEM, SMN, SAGE) values (83, 63, 'Warden', 'Binny', '298 Corry Circle', 'wbinny2a@go.com', 74759550516, 97);
insert into Staff (SID, BID, SFN, SLN, SAD, SEM, SMN, SAGE) values (84, 42, 'Fayette', 'Belhome', '39 Continental Avenue', 'fbelhome2b@seattletimes.com', 71888252067, 44);
insert into Staff (SID, BID, SFN, SLN, SAD, SEM, SMN, SAGE) values (85, 15, 'Agnes', 'Shurmer', '1538 Sundown Alley', 'ashurmer2c@epa.gov', 74599363674, 4);
insert into Staff (SID, BID, SFN, SLN, SAD, SEM, SMN, SAGE) values (86, 36, 'Lethia', 'Broadis', '09672 Granby Terrace', 'lbroadis2d@jalbum.net', 71916157746, 68);
insert into Staff (SID, BID, SFN, SLN, SAD, SEM, SMN, SAGE) values (87, 7, 'Rowe', 'Chmiel', '60936 Tony Pass', 'rchmiel2e@flavors.me', 71147700444, 95);
insert into Staff (SID, BID, SFN, SLN, SAD, SEM, SMN, SAGE) values (88, 68, 'Karon', 'Bagott', '86 Beilfuss Park', 'kbagott2f@com.com', 71729793366, 67);
insert into Staff (SID, BID, SFN, SLN, SAD, SEM, SMN, SAGE) values (89, 67, 'Lothaire', 'Aleksidze', '54 Hanson Crossing', 'laleksidze2g@hp.com', 79254002155, 64);
insert into Staff (SID, BID, SFN, SLN, SAD, SEM, SMN, SAGE) values (90, 16, 'Drusi', 'Ducarel', '082 Sunnyside Alley', 'dducarel2h@alexa.com', 74779303941, 23);
insert into Staff (SID, BID, SFN, SLN, SAD, SEM, SMN, SAGE) values (91, 89, 'Joannes', 'Pucknell', '07072 David Street', 'jpucknell2i@nature.com', 77993398810, 90);
insert into Staff (SID, BID, SFN, SLN, SAD, SEM, SMN, SAGE) values (92, 49, 'Mace', 'Da Costa', '03 Service Plaza', 'mdacosta2j@cyberchimps.com', 72313973414, 10);
insert into Staff (SID, BID, SFN, SLN, SAD, SEM, SMN, SAGE) values (93, 31, 'Ondrea', 'Runge', '15451 Spohn Drive', 'orunge2k@gnu.org', 73240772586, 76);
insert into Staff (SID, BID, SFN, SLN, SAD, SEM, SMN, SAGE) values (94, 39, 'Pablo', 'Worner', '55446 Mccormick Trail', 'pworner2l@parallels.com', 71049208221, 9);
insert into Staff (SID, BID, SFN, SLN, SAD, SEM, SMN, SAGE) values (95, 15, 'Mathilda', 'Vyel', '6 Melody Crossing', 'mvyel2m@wikipedia.org', 75593159035, 51);
insert into Staff (SID, BID, SFN, SLN, SAD, SEM, SMN, SAGE) values (96, 97, 'Violante', 'Pailin', '090 Anniversary Place', 'vpailin2n@webs.com', 73862429751, 95);
insert into Staff (SID, BID, SFN, SLN, SAD, SEM, SMN, SAGE) values (97, 39, 'Tatum', 'Delwater', '7 Shoshone Street', 'tdelwater2o@1und1.de', 76363874127, 22);
insert into Staff (SID, BID, SFN, SLN, SAD, SEM, SMN, SAGE) values (98, 22, 'Fraze', 'Leither', '5 Vahlen Court', 'fleither2p@indiegogo.com', 70694757151, 13);
insert into Staff (SID, BID, SFN, SLN, SAD, SEM, SMN, SAGE) values (99, 29, 'Joletta', 'Spaice', '958 Grayhawk Street', 'jspaice2q@dailymotion.com', 76895532997, 87);
insert into Staff (SID, BID, SFN, SLN, SAD, SEM, SMN, SAGE) values (100, 21, 'Kareem', 'Godin', '6 Glacier Hill Alley', 'kgodin2r@fotki.com', 77760249704, 40);

